Game,Rating,Reviewscore,Me - Review,Percentile,Launch Platform(s),Played on,Launch Year,Play Year,Year(s) revisited/ continued/ earlier dabbled,Hours Played,Completion,Playthroughs,DLC/ Major update played,Publisher,Developer,Franchise,Perspective,Main Category,Extra Descriptors,First Rating,Remaster Reviewscore,Remaster Release Year,Developer2
The Legend of Zelda: Tears of the Kingdom,100,96,4,100%,Switch,Switch,2023,2023,,106,Extra,1,No,Nintendo,Nintendo,The Legend of Zelda,Third person,Action-adventure,"Open-world, sandbox, exploration, puzzles, platforming",,,,
The Legend of Zelda: Breath of the Wild,100,97,3,100%,"Switch,WiiU",Switch,2017,2017,"2018, 2023",143,Extra,1,Yes,Nintendo,Nintendo,The Legend of Zelda,Third person,Action-adventure,"Open-world, sandbox, exploration, puzzles, platforming",,,,
Metroid Prime,99,97,2,99%,Gamecube,Switch,2002,2023,,21,Extra,2,No,Nintendo,Retro Studios,Metroid,First person,Metroidvania,"Shooter, platforming",,94,2023,
God of War (2018),99,94,5,99%,PS4,PS4,2018,2018,2022,59,Extra,2,No,Sony,Santa Monica Studio,God of War,Third person,Action-adventure,"Action, story-driven, metroidvania",,,,
The Last of Us,99,95,4,99%,PS4,PS4,2013,2014,,35,Finished,1,Yes,Sony,Naughty Dog,The Last of Us,Third person,Cover-shooter,"Horror, stealth, survival, story-driven, linear",,94,2014,
Hades,98,94,4,99%,"PC, Switch",PC,2020,2020,"2021, 2023",88,Extra,,No,Indie,Supergiant,Hades,Top down,Roguelike,"Hack and slash, action-RPG, story-driven, social",,,,
Red Dead Redemption 2,98,97,1,99%,"PS4,XB1",PS4,2018,2018,,77,Finished,1,No,Rockstar,Rockstar,Red Dead,Third person,Action-adventure,"Cover-shooter, open-world, story-driven",,,,
Super Mario Galaxy,98,97,1,99%,Wii,Wii,2007,2008,2009,45,Finished,1,No,Nintendo,Nintendo,Super Mario (3D),Third person,Platformer,,,,,
Hi-Fi Rush,97,89,8,98%,"XBS, PC",XBS,2023,2023,,21,Extra,2,No,Microsoft,Tango Gameworks,Hi-Fi Rush,Third person,Action,"Hack and slash, rythm, linear, platforming, story-driven",,,,
Elden Ring,97,96,1,98%,"PS4, PS5, XB1, XBS, PC",XBS,2022,2022,"2023, 2024",87,Extra,1,Yes,Bandai Namco,From Software,Souls,Third person,Soulslike,"Action-RPG, open-world, exploration",,,,
Horizon Zero Dawn,97,89,8,98%,PS4,PS4,2017,2017,,65,One-hundred,1,Yes,Sony,Guerrilla Games,Horizon,Third person,Action-RPG,"Open-world, platforming, story-driven",,,,
Super Mario Odyssey,97,97,0,98%,Switch,Switch,2017,2017,,31,Extra,1,No,Nintendo,Nintendo,Super Mario (3D),Third person,Platformer,Collectathon,,,,
Super Mario Galaxy 2,97,97,0,98%,Wii,Wii,2010,2010,,20,Finished,1,No,Nintendo,Nintendo,Super Mario (3D),Third person,Platformer,,,,,
Super Mario 64,96,96,0,97%,N64,Switch,1996,2023,,7,Finished,1,Yes,Nintendo,Nintendo,Super Mario (3D),Third person,Platformer,Collectathon,,,,
God of War Ragnar√∂k,96,94,2,97%,"PS4, PS5",PS5,2022,2022,2023,41,Extra,1,Yes,Sony,Santa Monica Studio,God of War,Third person,Action-adventure,"Action, story-driven",,,,
The Last of Us Part II,96,93,3,97%,PS4,PS4,2020,2020,2024,43,One-hundred,2,Yes,Sony,Naughty Dog,The Last of Us,Third person,Cover-shooter,"Horror, survival, story-driven, linear",,,,
Bloodborne,96,92,4,97%,PS4,PS4,2015,2015,2017,123,Finished,1,Yes,Sony,From Software,Souls,Third person,Soulslike,Action-RPG,,,,Japan Studio
Sea of Stars,95,89,6,96%,"PC, XB1, XBS, PS4, PS5, Switch",XBS,2023,2024,,27,Extra,1,No,Indie,Sabotage Studio,Sea of Stars,Top down,JRPG,"Turn-based, story-driven",,,,
Marvel's Spider-Man 2,95,90,5,96%,PS5,PS5,2023,2023,,22,Extra,1,No,Sony,Insomniac,Marvel's Spider-Man,Third person,Action-adventure,"Story-driven, open-world, superhero, platforming, action",,,,
Mass Effect 2,95,96,-1,96%,"X360, PC",XBS,2010,2022,,21,Extra,1,Yes,EA,BioWare,Mass Effect,Third person,Action-RPG,"Cover-shooter, story-driven",,87,2021,
Uncharted 2 Among Thieves,95,96,-1,96%,PS3,PS4,2009,2015,,14,Finished,1,No,Sony,Naughty Dog,Uncharted,Third person,Cover-shooter,"Story-driven, action, linear, puzzles, platforming",,86,2015,
Grand Theft Auto V,95,97,-2,96%,"PS3,X360",PS4,2013,2014,"2015, 2016, 2022",721,Extra,1,Yes,Rockstar,Rockstar,Grand Theft Auto,Third person,Action-adventure,"Cover-shooter, open-world, sandbox",97,97,2014,
Portal 2,95,95,0,96%,PC,PC,2011,2012,,14,Finished,1,No,Valve,Valve,Portal,First person,Puzzle,"Story-driven, multiplayer (co-op)",,,,
Cocoon,94,88,6,95%,"PC, PS4, PS5, XB1, XBS, Switch",XBS,2023,2023,,4,Finished,1,No,Annapurna,Geometric Interactive,Cocoon,Top down,Puzzle,"Adventure, linear",,,,
Bioshock Infinite,94,94,0,95%,"PS3, X360, PC",PS5,2013,2022,,9,Finished,1,No,2K Games,Irrational Games,Bioshock,First person,Shooter,"Story-driven, linear, immersive-sim",,,,
Mass Effect 3,94,93,1,95%,"PS3, X360, PC",XBS,2012,2022,,28,Extra,1,Yes,EA,BioWare,Mass Effect,Third person,Action-RPG,"Cover-shooter, story-driven",,87,2021,
Astro Bot Rescue Mission,94,90,4,95%,PS4,PS4,2018,2018,,7,Finished,1,No,Sony,Asobi Team,Astro Bot,Third person,Platformer,VR,,,,
Celeste,94,91,3,95%,"PC, Switch, PS4",Switch,2018,2018,,10,Finished,1,No,Indie,Matt Makes Games,Celeste,2D,Platformer,,,,,
Mario Kart 8,94,88,6,95%,WiiU,Switch,2014,2017,"2018, 2022, 2023",78,One-hundred,,Yes,Nintendo,Nintendo,Mario Kart,Vehicle,Racing,Kart,92,92,2017,
Uncharted 4 A Thief's End,94,93,1,95%,PS4,PS4,2016,2016,2022,38,Extra,2,Yes,Sony,Naughty Dog,Uncharted,Third person,Cover-shooter,"Story-driven, action, linear, puzzles, platforming",,88,2022,
Metroid Dread,93,87,6,93%,Switch,Switch,2021,2021,2023,19,Extra,2,No,Nintendo,Mercury steam,Metroid,2D,Metroidvania,"Platformer, action",,,,
Ghost of Tsushima,93,85,8,93%,PS4,PS4,2020,2020,2021,81,One-hundred,1,Yes,Sony,Sucker Punch,Ghost of Tsushima,Third person,Action-adventure,"Open-world, stealth, platforming, exploration, story-driven",,,,
Hollow Knight,93,90,3,93%,"PS4,XB1,Switch,PC",PC,2017,2020,,25,Finished,1,No,Indie,Team Cherry,Hollow Knight,2D,Metroidvania,"Platformer, soulslike",,,,
Marvel's Spider-Man,93,87,6,93%,PS4,PS4,2018,2018,"2019, 2023",42,One-hundred,2,Yes,Sony,Insomniac,Marvel's Spider-Man,Third person,Action-adventure,"Story-driven, open-world, superhero, platforming",,,,
God of War 3,93,92,1,93%,PS3,PS4,2010,2015,2023,24,Finished,2,No,Sony,Santa Monica Studio,God of War,Third person,Action-adventure,"Hack and slash, linear, platforming",,80,2015,
Driveclub,93,71,22,93%,PS4,PS4,2014,2014,"2015, 2016",902,One-hundred,,Yes,Sony,Evolution studios,Driveclub,Vehicle,Racing,Simcade,78,,,
Dragon Age Inquisition,93,89,4,93%,"PS4, XB1, PC",PS4,2014,2014,2015,548,One-hundred,2,Yes,EA,BioWare,Dragon Age,Third person,RPG,"Open-world, story-driven",,,,
Guild Wars 2,93,90,3,93%,PC,PC,2012,2012,2013,640,Finished,,Yes,ArenaNet,ArenaNet,Guild Wars,Third person,RPG,MMO,,,,
Final Fantasy XVI,92,88,4,91%,PS5,PS5,2023,2023,2024,61,Extra,1,Yes,Square Enix,Square Enix,Final Fantasy,Third person,Action-RPG,"Story-driven, action, third-person",,,,
God of War (2005),92,94,-2,91%,PS2,PS5,2005,2023,,7,Finished,1,No,Sony,Santa Monica Studio,God of War,Third person,Action-adventure,"Hack and slash, platforming, linear",,,2010,
Bioshock,92,96,-4,91%,"X360, PC",PS5,2007,2022,,8,Finished,1,No,2K Games,Irrational Games,Bioshock,First person,Shooter,"Horror, linear, story-driven, immersive-sim",,84,2016,
Super Metroid,92,96,-4,91%,SNES,Switch,1994,2022,,9,Finished,1,Yes,Nintendo,Nintendo,Metroid,2D,Metroidvania,"Platformer, action",,,,
Forza Horizon 5,92,92,0,91%,"XBS,PC,XB1",XBS,2021,2021,"2022, 2023",67,Extra,,Yes,Microsoft,Playground games,Forza,Vehicle,Racing,"Simcade, open-world",90,,,
Halo Combat Evolved,92,97,-5,91%,Xbox,PC,2001,2020,,10,Finished,1,No,Microsoft,Bungie,Halo,First person,Shooter,"Linear, multiplayer",,82,2011,
Forza Horizon 3,92,91,1,91%,"PC, XB1",PC,2016,2018,,15,Extra,,Yes,Microsoft,Playground games,Forza,Vehicle,Racing,"Simcade, open-world",,,,
Uncharted The Lost Legacy,92,84,8,91%,PS4,PS4,2017,2017,2023,13,Extra,2,No,Sony,Naughty Dog,Uncharted,Third person,Cover-shooter,"Story-driven, action, linear, puzzles, platforming, exploration",,88,2022,
Undertale,92,92,0,91%,PC,PC,2015,2015,,5,Finished,1,No,Indie,Nate Fox,Undertale,Top down,RPG,"Story-driven, puzzles, turn-based",,,,
Mario Kart DS,92,91,1,91%,DS,DS,2005,2007,,100,One-hundred,,No,Nintendo,Nintendo,Mario Kart,Vehicle,Racing,Kart,,,,
Street Fighter 6,91,92,-1,90%,"PS4, PS5, XBS, PC",PS5,2023,2023,,24,Finished,1,No,Capcom,Capcom,Street Fighter,Third person,Fighting,RPG,,,,
Final Fantasy VII Remake,91,88,3,90%,PS4,PS4,2020,2020,2022,36,Extra,1,Yes,Square Enix,Square Enix,Final Fantasy,Third person,Action-RPG,"Story-driven, JRPG, remake",,,,
Ys VIII Lacrimosa of Dana,91,85,6,90%,Vita,Switch,2017,2019,,35,Extra,1,No,NIS America,Nihon Falcom,Ys,Third person,Action-RPG,"JRPG, story-driven, hack and slash",,,,
Forza Horizon 4,91,92,-1,90%,"PC, XB1",PC,2018,2018,2019,41,Extra,,Yes,Microsoft,Playground games,Forza,Vehicle,Racing,"Simcade, open-world",,,,
Rayman Legends,91,90,1,90%,"WiiU, PS3, X360",PS4,2013,2014,,31,Extra,1,No,Ubisoft,Ubisoft Montpellier,Rayman,2D,Platformer,,,90,2014,
Uncharted 3 Drake's Deception,91,92,-1,90%,PS3,PS3,2011,2011,2015,32,Finished,2,No,Sony,Naughty Dog,Uncharted,Third person,Cover-shooter,"Story-driven, linear, puzzles, platforming",,,,
Assassin's Creed Brotherhood,91,90,1,90%,"PS3, X360",PS3,2010,2011,,60,Extra,1,No,Ubisoft,Ubisoft Montreal,Assassin's Creed,Third person,Stealth,"Open-world, platforming, story-driven",,,,
Call of Duty Modern Warfare 2,91,94,-3,90%,"PS3, X360, PC",PS3,2009,2011,"2015, 2020",70,Extra,2,No,Activision-Blizzard,Infinity Ward,Call of Duty,First person,Shooter,"Action, multiplayer, linear",,,,
Pokemon SoulSilver,91,87,4,90%,DS,DS,2009,2009,,40,Extra,2,No,Nintendo,Game Freak,Pokemon,Top down,JRPG,"Monster collecting, turn-based, remake",,,,
Grand Theft Auto San Andreas,91,95,-4,90%,PS2,PS2,2004,2006,2019,25,Dropped,0,No,Rockstar,Rockstar,Grand Theft Auto,Third person,Action-adventure,"Open-world, sandbox",,,,
Final Fantasy VII Rebirth,90,92,-2,87%,PS5,PS5,2024,2024,,74,Extra,1,No,Square Enix,Square Enix,Final Fantasy,Third person,Action-RPG,Open-world,,,,
Metroid Fusion,90,92,-2,87%,GBA,Switch,2001,2023,,6,Finished,1,Yes,Nintendo,Nintendo,Metroid,2D,Metroidvania,"Platformer, action",,,,
Super Mario World,90,94,-4,87%,SNES,Switch,1991,2023,,5,Finished,1,Yes,Nintendo,Nintendo,Super Mario (2D),2D,Platformer,,,,,
Mass Effect,90,91,-1,87%,X360,XBS,2007,2022,,18,Finished,1,Yes,EA,BioWare,Mass Effect,Third person,Action-RPG,"Cover-shooter, story-driven",,87,2021,
Halo Reach,90,91,-1,87%,X360,PC,2010,2021,,10,Finished,1,No,Microsoft,Bungie,Halo,First person,Shooter,"Action, linear, multiplayer",,,,
Psychonauts,90,87,3,87%,PC,PC,2005,2021,,11,Finished,1,No,Indie,Double Fine,Psychonauts,Third person,Platformer,Puzzles,,,,
Astro's Playroom,90,84,6,87%,PS5,PS5,2020,2020,,6,One-hundred,2,No,Sony,Asobi Team,Astro Bot,Third person,Platformer,,,,,
Demon's Souls (Remake),90,92,-2,87%,PS5,PS5,2020,2020,,19,Finished,1,No,Sony,Bluepoint Games,Souls,Third person,Soulslike,"Action-RPG, remake",,,,From Software
Star Wars Jedi Fallen Order,90,85,5,87%,"PS4,XB1,PC",PS4,2019,2019,,28,One-hundred,1,No,EA,Respawn,Star Wars,Third person,Action-adventure,"Soulslike, platforming, exploration, story-driven, metroidvania",,,,
Call of Duty Modern Warfare,90,94,-4,87%,PS3,PS4,2007,2016,,8,Finished,1,No,Activision-Blizzard,Infinity Ward,Call of Duty,First person,Shooter,"Action, linear, multiplayer",,,,
Rocket League,90,85,5,87%,PS4,PS4,2015,2015,"2016, 2017, 2018, 2019, 2020, 2022, 2023",571,One-hundred,,Yes,Indie,Psyonix,Rocket League,Vehicle,Sports,Multiplayer,,,,
Super Smash Bros. Brawl,90,93,-3,87%,Wii,Wii,2008,2008,2009,60,Finished,1,No,Nintendo,Sora ltd.,Super Smash Bros.,2D,Fighting,Platforming,,,,
Football Manager 2007,90,87,3,87%,PC,PC,2006,2007,2008,60,Finished,,No,SEGA,Sports Interactive,Football Manager,Overview,Simulation,"Sports (football), management",,,,
F-Zero X,89,88,1,85%,N64,Switch,1998,2024,,4,Finished,,No,Nintendo,Nintendo,F-Zero,Vehicle,Racing,Arcade,,,,
Batman Arkham Asylum,89,92,-3,85%,"X360, PS3, PC",PS5,2009,2023,,8,Finished,1,Yes,Warner Bros,Rocksteady,Batman,Third person,Action-adventure,"Story-driven, action, superhero",,76,2016,
Tetris,89,90,-1,85%,GB,Switch,1989,2023,,2,Finished,,No,Nintendo,Nintendo,Tetris,Overview,Puzzle,,,,,
Horizon Forbidden West,89,88,1,85%,"PS4, PS5",PS5,2022,2022,2023,52,Extra,1,Yes,Sony,Guerrilla Games,Horizon,Third person,Action-RPG,"Open-world, platforming, story-driven",,,,
A Short Hike,89,87,2,85%,PC,PC,2019,2022,,2,Extra,1,No,Indie,adamgryu,A Short Hike,Third person,Adventure,"Open-world, exploration",,,,
Bayonetta 2,89,91,-2,85%,WiiU,Switch,2014,2022,,8,Finished,1,No,Nintendo,Platinum Games,Bayonetta,Third person,Action,"Hack and slash, linear",,90,2018,
Ratchet & Clank: Rift Apart,89,88,1,85%,PS5,PS5,2021,2021,,15,One-hundred,1,No,Sony,Insomniac,Ratchet & Clank,Third person,Action-platformer,Story-driven,,,,
Psychonauts 2,89,89,0,85%,"XBS,PC,XB1,PS4",XBS,2021,2021,,13,Finished,1,No,Microsoft,Double Fine,Psychonauts,Third person,Platformer,Puzzles,,,,
Ori and The Will of the Wisps,89,90,-1,85%,"PC,XB1",PC,2020,2021,,11,Finished,1,No,Microsoft,Moon Studios,Ori,2D,Metroidvania,"Platformer, action",,,,
Halo 3,89,94,-5,85%,X360,PC,2007,2020,2024,15,Finished,2,No,Microsoft,Bungie,Halo,First person,Shooter,"Linear, multiplayer",,,,
Tetris Effect,89,89,0,85%,PS4,PS4,2018,2018,,11,Finished,,No,Enhance Games,"Monstars, Resonairs",Tetris,Overview,Puzzle,Rythm,,,,
Super Smash Bros. Ultimate,89,93,-4,85%,Switch,Switch,2018,2018,,43,Finished,1,No,Nintendo,Sora ltd.,Super Smash Bros.,2D,Fighting,Platforming,,,,
Forza 4,89,91,-2,85%,X360,X360,2011,2013,,30,Finished,,No,Microsoft,Turn 10 studios,Forza,Vehicle,Racing,Simcade,,,,
Civilization V,89,90,-1,85%,PC,PC,2010,2013,"2014, 2015, 2016",511,Extra,,Yes,2K Games,Firaxis,Civilization,Overview,Strategy,Turn-based,,,,
Jak and Daxter: The Precursor Legacy,88,90,-2,82%,PS2,PS5,2001,2024,,8,Extra,1,No,Sony,Naughty Dog,Jak and Daxter,Third person,Platformer,Collectathon,,81,2012,
Lies of P,88,82,6,82%,"PC, PS4, PS5, XB1, XBS",XBS,2023,2023,,29,Extra,1,No,Indie,Neowiz Games,Lies of P,Third person,Soulslike,Action-RPG,,,,
Donkey Kong Country 2: Diddy Kong's Quest,88,90,-2,82%,SNES,Switch,1995,2023,,4,Finished,1,Yes,Nintendo,Rare,Donkey Kong,2D,Platformer,,,,,
Vampire Survivors,88,87,1,82%,PC,PC,2022,2022,2023,33,Extra,1,No,Indie,poncle,Vampire Survivors,Top down,Roguelike,Bullet-heaven,,,,
Gran Turismo 7,88,87,1,82%,"PS4, PS5",PS5,2022,2022,2023,115,Extra,,Yes,Sony,Polyphony Digital,Gran Turismo,Vehicle,Racing,Sim,82,,,
Death's Door,88,88,0,82%,"PC,XB1,XBS",PC,2021,2021,,7,Finished,1,No,Devolver Digital,Acid Nerve,Death's Door,Top down,Metroidvania,"Hack and slash, soulslike",,,,
Marvel's Spider-Man Miles Morales,88,85,3,82%,"PS4, PS5",PS4,2020,2020,2023,26,One-hundred,2,No,Sony,Insomniac,Marvel's Spider-Man,Third person,Action-adventure,"Story-driven, open-world, superhero, platforming",,,,
Rise of the Tomb Raider ,88,86,2,82%,XB1,PS4,2015,2020,,26,Finished,1,No,Square Enix,Crystal Dynamics,Tomb Raider,Third person,Cover-shooter,"Story-driven, platforming, puzzles",,,,
Astral Chain,88,87,1,82%,Switch,Switch,2019,2019,,22,Finished,1,No,Nintendo,Platinum Games,Astral Chain,Third person,Action,"Hack and slash, JRPG",,,,
Divinity Original Sin 2,88,93,-5,82%,PC,PC,2017,2017,2018,91,Finished,1,No,Indie,Larian studios,Divinity Original Sin,Top down,RPG,Turn-based,,,,
Crash Bandicoot 2: Cortex Strikes Back,88,89,-1,82%,PS1,PS4,1997,2017,,7,Finished,1,No,Sony,Naughty Dog,Crash Bandicoot,Third person,Platformer,,,80,2017,Toys for Bob
Assassin's Creed IV Black Flag,88,83,5,82%,PS4,PS4,2013,2013,2014,111,Extra,1,No,Ubisoft,Ubisoft Montreal,Assassin's Creed,Third person,Action-adventure,"Stealth, open-world, platforming",,,,
Borderlands 2,88,89,-1,82%,X360,X360,2012,2013,,50,Finished,1,No,2K Games,Gearbox,Borderlands,First person,Looter-shooter,"Open-world, action-rpg, looter",,,,
Diablo 3,88,88,0,82%,PC,PC,2012,2012,"2013, 2014, 2015, 2016, 2017, 2018, 2019, 2020, 2023",1360,One-hundred,,Yes,Activision-Blizzard,Blizzard,Diablo,Top down,Dungeon crawler,"Action-RPG, hack and slash, looter",80,,,
Call of Duty Black Ops,88,88,0,82%,"PS3, X360, PC",PS3,2010,2010,2011,400,Extra,1,Yes,Activision-Blizzard,Treyarch,Call of Duty,First person,Shooter,"Multiplayer, linear",,,,
Mario Kart Wii,88,82,6,82%,Wii,Wii,2008,2008,"2009,2010,2011",250,One-hundred,,No,Nintendo,Nintendo,Mario Kart,Vehicle,Racing,Kart,,,,
Helldivers 2,87,83,4,79%,"PC, PS5",PC,2024,2024,,32,Finished,,No,Sony,Arrowhead Game Studios,Helldivers,Third person,Shooter,"Multiplayer (co-op), action",,,,
Sunset Overdrive,87,83,4,79%,XB1,XBS,2014,2024,,12,Extra,1,No,Microsoft,Insomniac,Sunset Overdrive,Third person,Action-platformer,"Shooter, platforming, open-world",,,,
Rogue Legacy 2,87,89,-2,79%,"PC, XB1, XBS",PC,2022,2022,,14,Finished,1,Yes,Indie,Cellar Door Games,Rogue Legacy,2D,Roguelike,"Platformer, metroidvania",,,,
Persona 5,87,94,-7,79%,PS4,PS5,2017,2021,,57,Dropped,0,No,Atlus,P-Studio,Persona,Third person,JRPG,"Monster collecting, story-driven, turn-based",,,,
Super Mario 3D World,87,93,-6,79%,WiiU,Switch,2013,2021,,14,Extra,1,Yes,Nintendo,Nintendo,Super Mario (3D),Third person,Platformer,Collectathon,,89,2021,
F1 2020,87,88,-1,79%,"PS4, XB1, PC",PS4,2020,2020,2021,128,Finished,,No,Codemasters,Codemasters,F1,Vehicle,Racing,"Simcade, simulation, sports",,,,
Animal Crossing New Horizons,87,90,-3,79%,Switch,Switch,2020,2020,2021,45,Finished,1,Yes,Nintendo,Nintendo,Animal Crossing,Top down,Simulation,"Social, farming",,,,
Halo 2,87,95,-8,79%,XBOX,PC,2004,2020,,10,Finished,1,No,Microsoft,Bungie,Halo,First person,Shooter,"Linear, multiplayer",,,,
Devil May Cry 5,87,88,-1,79%,"PS4,XB1,PC",PC,2019,2019,,9,Finished,1,No,Capcom,Capcom,Devil May Cry,Third person,Action,"Hack and slash, story-driven, linear",,,,
Titanfall 2,87,87,0,79%,"PS4,XB1,PC",PS4,2016,2019,,5,Finished,1,No,EA,Respawn,Titanfall,First person,Shooter,"Linear, action, multiplayer",,,,
Crash Team Racing,87,88,-1,79%,PS,PS4,1999,2019,,28,Finished,1,No,Activision-Blizzard,Naughty Dog,Crash Bandicoot,Vehicle,Racing,Kart,,83,2019,Beenox
Crash Bandicoot 3: Warped,87,91,-4,79%,PS1,PS4,1998,2017,,7,Finished,1,No,Sony,Naughty Dog,Crash Bandicoot,Third person,Platformer,,,80,2017,Toys for Bob
Civilization VI,87,88,-1,79%,PC,PC,2016,2016,"2022, 2023, 2024",58,Finished,,Yes,2K Games,Firaxis,Civilization,Top down,Strategy,Turn-based,86,,,
Cities Skylines,87,85,2,79%,PC,PC,2015,2015,"2016, 2019, 2020, 2021, 2023",366,Extra,,Yes,Paradox Interactive,Colossal Order,Cities Skylines,Overview,Simulation,City-building,83,,,
Pokemon White,87,87,0,79%,DS,DS,2010,2011,,20,Finished,1,No,Nintendo,Game Freak,Pokemon,Top down,JRPG,"Monster collecting, turn-based",,,,
Gran Turismo 2,87,93,-6,79%,PS,PS,1999,2004,,10,Tried,,No,Sony,Polyphony Digital,Gran Turismo,Vehicle,Racing,Sim,,,,
Super Mario 3D Land,86,90,-4,76%,3DS,3DS,2011,2024,,6,Finished,1,No,Nintendo,Nintendo,Super Mario (3D),Third person,Platformer,,,,,
Star Wars Jedi Survivor,86,84,2,76%,"PC, PS5, XBS",PS5,2023,2023,,23,Finished,1,No,EA,Respawn,Star Wars,Third person,Action-adventure,"Soulslike, platforming, exploration, story-driven",,,,
Donkey Kong Country,86,93,-7,76%,SNES,Switch,1994,2023,,2,Finished,1,Yes,Nintendo,Rare,Donkey Kong,2D,Platformer,,,,,
Stray,86,84,2,76%,"PS4, PS5, PC",PS5,2022,2022,,5,Finished,1,No,Annapurna,BlueTwelve Studios,Stray,Third person,Adventure,"Story-driven, puzzles, linear",,,,
OlliOlli World,86,86,0,76%,"PS4, XB1, PC, Switch",PS5,2022,2022,,6,Finished,1,No,Private Division,roll7,OlliOlli,2D,Platformer,Sports (skate),,,,
Guardians of the Galaxy,86,82,4,76%,"PS5,PS4,XB1,XBS,PC,Switch",PS5,2021,2021,,16,Finished,1,No,Square Enix,Eidos Montreal,Guardians of the Galaxy,Third person,Action-adventure,"Linear, story-driven, shooter",,,,
Dead Cells,86,89,-3,76%,"PC,PS4,XB1,Switch",XBS,2018,2021,,3,Tried,0,No,Indie,Motion Twin,Dead Cells,2D,Roguelike,"Platforming, metroidvania",,,,
Crosscode,86,86,0,76%,PC,PC,2018,2020,,43,Finished,1,No,Indie,Radical Fish Games,Crosscode,Top down,Action-RPG,"Puzzles, platforming",,,,
Tales From the Borderlands,86,86,0,76%,PS4,PS4,2014,2017,,6,One-hundred,1,No,2K Games,Telltale,Borderlands,Third person,Interactive Story,"Story-driven, linear",,,,
Journey,86,92,-6,76%,PS3,PS4,2012,2016,,2,Finished,1,No,Annapurna,Thatgamecompany,Journey,Third person,Adventure,Linear,,,,
Transistor,86,83,3,76%,PS4,PS4,2014,2014,,16,One-hundred,1,No,Indie,Supergiant,Transistor,Top down,Action-RPG,"Hack and slash, story-driven",,,,
Minecraft,86,93,-7,76%,PC,PC,2011,2012,"2013, 2015, 2017, 2018, 2019, 2020",1100,One-hundred,,Yes,Microsoft,Mojang,Minecraft,First person,Sandbox,"Open-world, exploration, survival",,,,
Transport Tycoon,86,85,1,76%,PC,PC,1994,2012,"2013, 2014, 2015, 2017, 2019, 2021, 2023",100,Extra,,Yes,Indie,Chris Sawyer,Transport Tycoon,Overview,Simulation,Strategy,,85,2004,
Dragon Age 2,86,79,7,76%,"X360, PS3, PC",PS3,2011,2011,,90,Extra,2,No,EA,BioWare,Dragon Age,Third person,Action-RPG,"Hack and slash, story-driven",,,,
Kunitsu-Gami: Path of the Goddess,85,82,3,74%,"PC, XBS, PS5, XB1, PS4",PC,2024,2024,,,,,No,Capcom,Capcom,Kunitsu-Gami,Third person,Strategy,"Action, hack and slash",,,,
Super Mario Kart,85,94,-9,74%,SNES,Switch,1992,2024,,2,Finished,,No,Nintendo,Nintendo,Mario Kart,Vehicle,Racing,Kart,,,,
Aces and Adventures,85,84,1,74%,PC,PC,2023,2023,,15,Finished,,No,Yogscast Games,Triple.B.Titles,Aces and Adventures,Overview,Strategy,"Card, roguelike",,,,
Gears of War,85,94,-9,74%,X360,XBS,2006,2023,,6,Finished,1,No,Microsoft,Epic,Gears,Third person,Cover-shooter,"Linear, story-driven",,82,2015,
The Legend of Zelda: Ocarina of Time,85,99,-14,74%,N64,3DS,1998,2023,,14,Dropped,0,No,Nintendo,Nintendo,The Legend of Zelda,Third person,Action-adventure,"Exploration, puzzles",,94,2011,
Neon White,85,89,-4,74%,"PC, Switch",PC,2022,2022,,10,Finished,1,No,Annapurna,Angel Matrix,Neon White,First person,Action,"Platforming, puzzles",,,,
Unsighted,85,85,0,74%,"Switch, XB1, PS4, PC",XBS,2021,2022,,11,Finished,1,No,Humble Games,Pixel Punk Studio,Unsighted,Top down,Metroidvania,Hack and slash,,,,
Batman Arkham Knight,85,87,-2,74%,PS4,PS4,2015,2015,2023,46,Finished,2,No,Warner Bros,Rocksteady,Batman,Third person,Action-adventure,"Open-world, superhero, platforming",,,,
Uncharted Drake's Fortune,85,88,-3,74%,PS3,PS4,2007,2015,,10,Finished,1,No,Sony,Naughty Dog,Uncharted,Third person,Cover-shooter,"Story-driven, action, linear, puzzles, platforming",,86,2015,
Tearaway,85,87,-2,74%,Vita,Vita,2013,2014,,8,Finished,1,No,Sony,Media Molecule,Tearaway,Third person,Platformer,,,,,
Mario Kart 7,85,85,0,74%,3DS,3DS,2011,2012,,30,Finished,,No,Nintendo,Nintendo,Mario Kart,Vehicle,Racing,Kart,,,,
Dragon Age Origins,85,91,-6,74%,"PC, PS3, X360",PS3,2009,2010,,20,Dropped,0,No,EA,BioWare,Dragon Age,Third person,RPG,Story-driven,,,,
Pokemon Diamond,85,85,0,74%,DS,DS,2006,2009,,70,Extra,3,No,Nintendo,Game Freak,Pokemon,Top down,JRPG,"Monster collecting, turn-based",,,,
Football Manager 2008,85,86,-1,74%,PC,PC,2007,2008,2009,150,Extra,,No,SEGA,Sports Interactive,Football Manager,Overview,Simulation,"Sports (football), management",,,,
Super Mario Bros. Wonder,84,92,-8,71%,Switch,Switch,2023,2023,,11,Finished,1,No,Nintendo,Nintendo,Super Mario (2D),2D,Platformer,,,,,
Citizen Sleeper,84,84,0,71%,"XB1, XBS, PC, Switch",PC,2022,2023,,5,Extra,1,Yes,Indie,Jump Over The Age,Citizen Sleeper,Overview,RPG,"Story-driven, interactive story",,,,
Banjo-Kazooie,84,92,-8,71%,N64,Switch,1998,2023,,6,Dropped,0,Yes,Nintendo,Rare,Banjo-Kazooie,Third person,Platformer,Collectathon,,,,
Splatoon 3,84,83,1,71%,Switch,Switch,2022,2022,,21,Extra,1,No,Nintendo,Nintendo,Splatoon,Third person,Shooter,"Multiplayer, platforming",,,,
Kena: Bridge of Spirits,84,82,2,71%,"PS4,PS5,PC",PS5,2021,2021,,9,Finished,1,No,Indie,Ember Lab,Kena,Third person,Action-adventure,"Soulslike, platforming, exploration, story-driven",,,,
Returnal,84,86,-2,71%,PS5,PS5,2021,2021,2022,11,Finished,1,Yes,Sony,Housemarque,Returnal,Third person,Roguelike,"Shooter, metroidvania, bullet-hell",,,,
Gears 5,84,85,-1,71%,"XB1,PC",XBS,2019,2021,,12,Finished,1,No,Microsoft,The Coalition,Gears,Third person,Cover-shooter,"Linear, story-driven",,,,
The Legend of Zelda: Skyward Sword,84,93,-9,71%,Switch,Switch,2011,2021,,25,Finished,1,No,Nintendo,Nintendo,The Legend of Zelda,Third person,Action-adventure,"Puzzles, story-driven",,82,2021,
Golf Story,84,78,6,71%,Switch,Switch,2017,2017,,15,Extra,1,No,Indie,Sidebar Games,Golf Story,Top down,RPG,"Golf, puzzles",,,,
F1 2017,84,86,-2,71%,PS4,PS4,2017,2017,2018,123,Finished,,No,Codemasters,Codemasters,F1,Vehicle,Racing,"Simcade, sports, simulation",,,,
Europa Universalis IV,84,87,-3,71%,PC,PC,2013,2015,"2016, 2017, 2018, 2019, 2020",351,Extra,,Yes,Paradox Interactive,Paradox,Paradox 4X,Overview,Strategy,,80,,,
Watch Dogs,84,77,7,71%,PS4,PS4,2014,2014,,100,One-hundred,1,No,Ubisoft,Ubisoft Montreal,Watch Dogs,Third person,Cover-shooter,"Open-world, stealth, story-driven",,,,
Pokemon Black 2,84,80,4,71%,DS,3DS,2012,2013,,25,Finished,1,No,Nintendo,Game Freak,Pokemon,Top down,JRPG,"Monster collecting, turn-based",,,,
Call of Duty Modern Warfare 3,84,89,-5,71%,"X360, PS3",PS3,2011,2011,2012,100,Finished,1,No,Activision-Blizzard,Infinity Ward,Call of Duty,First person,Shooter,"Action, multiplayer, linear",,,,
Football Manager 2009,84,83,1,71%,PC,PC,2008,2009,2010,220,Extra,,No,SEGA,Sports Interactive,Football Manager,Overview,Simulation,"Sports (football), management",,,,
Last Epoch,83,79,4,68%,PC,PC,2024,2024,,51,Extra,,No,Indie,Eleventh Hour Games,Last Epoch,Top down,Dungeon crawler,"Action-RPG, hack and slash",,,,
Wave Race 64,83,92,-9,68%,N64,Switch,1996,2024,,1,Finished,,No,Nintendo,Nintendo,Wave Race,Vehicle,Racing,"Arcade, sports",,,,
Baldur's Gate 3,83,96,-13,68%,PC,PC,2023,2023,,28,Dropped,0,No,Indie,Larian studios,Baldur's Gate,Third person,RPG,Turn-based,,,,
Mario & Luigi Superstar Saga,83,90,-7,68%,GBA,Switch,2003,2023,,14,Finished,1,Yes,Nintendo,AlphaDream,Mario RPG,Top down,JRPG,"Puzzles, turn-based",,,,
Ys IX: Monstrum Nox,83,80,3,68%,"PS4, PC, Switch",PS5,2021,2022,,26,Extra,1,No,NIS America,Nihon Falcom,Ys,Third person,Action-RPG,"JRPG, story-driven, hack and slash",,,,
Halo 5: Guardians,83,84,-1,68%,XB1,XBS,2015,2022,,6,Finished,1,No,Microsoft,343 industries,Halo,First person,Shooter,"Action, linear, multiplayer",,,,
Final Fantasy X,83,92,-9,68%,PS2,PC,2001,2022,,29,Finished,1,No,Square Enix,Square Enix,Final Fantasy,Third person,JRPG,"Story-driven, turn-based",,85,2013,
Borderlands 3,83,80,3,68%,"PS4,XB1,PC",PS4,2019,2019,2021,94,One-hundred,2,No,2K Games,Gearbox,Borderlands,First person,Looter-shooter,"Open-world, action-rpg, looter",,,,
F1 2019,83,86,-3,68%,PS4,PS4,2019,2019,2020,165,Finished,,No,Codemasters,Codemasters,F1,Vehicle,Racing,"Simcade, simulation, sports",,,,
F1 2018,83,84,-1,68%,PS4,PS4,2018,2018,2019,82,Finished,,No,Codemasters,Codemasters,F1,Vehicle,Racing,"Simcade, sports, simulation",,,,
Pokemon Sun,83,87,-4,68%,3DS,3DS,2016,2016,,25,Finished,1,No,Nintendo,Game Freak,Pokemon,Top down,JRPG,"Monster collecting, turn-based",,,,
Tomb Raider,83,85,-2,68%,PS4,PS4,2013,2016,,10,Finished,1,No,Square Enix,Crystal Dynamics,Tomb Raider,Third person,Cover-shooter,"Linear, story-driven, platforming, puzzles",,,,
OlliOlli 2: Welcome to Olliwood,83,85,-2,68%,PS4,PS4,2015,2015,,23,Extra,1,No,Devolver Digital,Roll7,OlliOlli,2D,Platformer,Sports (skate),,,,
Terraria,83,83,0,68%,PC,PC,2011,2013,"2014, 2017",33,Finished,1,Yes,Indie,Re-Logic,Terraria,2D,Sandbox,"Platformer, action-RPG",,,,
Assassin's Creed Revelations,83,80,3,68%,"X360, PS3",PS3,2011,2011,,40,Extra,1,No,Ubisoft,Ubisoft Montreal,Assassin's Creed,Third person,Stealth,"Open-world, platforming, story-driven",,,,
Football Manager 2010,83,87,-4,68%,PC,PC,2009,2010,2011,32,Dropped,,No,SEGA,Sports Interactive,Football Manager,Overview,Simulation,"Sports (football), management",,,,
Lego Star Wars II: The Original Trilogy,83,84,-1,68%,PS2,PS2,2006,2007,,50,Extra,1,No,LucasArts,Traveller's Tales,Lego Games,Third person,Action-platformer,Sandbox,,,,
Ratchet & Clank (2002),82,88,-6,65%,PS2,PS5,2002,2024,,11,Finished,1,No,Sony,Insomniac,Ratchet & Clank,Third person,Action-platformer,,,83,2012,
Paper Mario,82,93,-11,65%,N64,Switch,2000,2024,,17,Finished,1,No,Nintendo,Intelligent Systems,Mario RPG,Top down,JRPG,Turn-based,,,,
F-Zero,82,83,-1,65%,SNES,Switch,1991,2024,,2,Finished,,No,Nintendo,Nintendo,F-Zero,Vehicle,Racing,Arcade,,,,
Armored Core VI: Fires of Rubicon,82,85,-3,65%,"PC, PS4, PS5, XB1, XBS",XBS,2023,2023,,16,Finished,1,No,Bandai Namco,From Software,Armored Core,Third person,Action,Mecha,,,,
Pokemon Legends Arceus,82,84,-2,65%,Switch,Switch,2022,2022,,23,Finished,1,No,Nintendo,Game Freak,Pokemon,Third person,JRPG,"Monster collecting, monster hunting, turn-based",,,,
Deathloop,82,88,-6,65%,"PS5,PC",PS5,2021,2021,,14,Finished,1,No,Bethesda,Arkane Studios,Deathloop,First person,Roguelike,"Shooter, stealth, sandbox, immersive-sim",,,,
Monster Sanctuary,82,80,2,65%,"PC,PS4,XB1,Switch",XBS,2020,2021,,27,Finished,1,No,Team17,Moi Rai Games,Monster Sanctuary,2D,Metroidvania,"Platformer, puzzles, RPG, turn-based, monster collecting",,,,
Forza Motorsport 7,82,85,-3,65%,"XB1, PC",XBS,2016,2021,,53,Finished,,No,Microsoft,Turn 10 studios,Forza,Vehicle,Racing,Simcade,,,,
Halo 4,82,87,-5,65%,X360,XBS,2012,2021,,10,Finished,1,No,Microsoft,343 industries,Halo,First person,Shooter,"Action, linear, multiplayer",,,,
Luigi's Mansion 3,82,86,-4,65%,Switch,Switch,2019,2019,,14,Finished,1,No,Nintendo,Next Level Games,Luigi's Mansion,Third person,Adventure,"Puzzles, horror",,,,
Assassin's Creed Origins,82,81,1,65%,PS4,PS4,2017,2017,,38,Finished,1,No,Ubisoft,Ubisoft Montreal,Assassin's Creed,Third person,Action-RPG,"Open-world, stealth, platforming",,,,
F1 2016,82,82,0,65%,PS4,PS4,2016,2016,2017,131,Finished,,No,Codemasters,Codemasters,F1,Vehicle,Racing,"Simcade, sports, simulation",,,,
Team Fortress 2,82,92,-10,65%,PC,PC,2007,2014,2015,20,Finished,,No,Valve,Valve,Team Fortress,First person,Shooter,Multiplayer,,,,
Fifa 11,82,88,-6,65%,"X360, PS3",PS3,2010,2010,2011,20,Dropped,,No,EA,EA sports,Fifa,Top down,Sports,"Football, management",,,,
Rollercoaster Tycoon 2,82,74,8,65%,PC,PC,2002,2005,"2006, 2007, 2010, 2019",202,Extra,,No,Infogrames (Atari),Chris Sawyer,Rollercoaster Tycoon,Top down,Simulation,Management,,,,
Metroid: Samus Returns,81,85,-4,62%,3DS,3DS,2017,2024,,9,Finished,1,No,Nintendo,Mercury steam,Metroid,2D,Metroidvania,"Platformer, action, remake",,,,
Jak 3,81,84,-3,62%,PS2,PS5,2004,2024,,9,Finished,1,No,Sony,Naughty Dog,Jak and Daxter,Third person,Action-platformer,Open-world,,81,2012,
The Crew Motorfest,81,76,5,62%,"PS4, PS5, XB1, XBS, PC",XBS,2023,2023,2024,43,Extra,,Yes,Ubisoft,Ivory Tower,The Crew,Vehicle,Racing,"Arcade, open-world",78,,,
Cassette Beasts,81,86,-5,62%,"PC, XB1, XBS, NSW",PC,2023,2023,,15,Finished,1,No,Indie,Bytten Studio,Cassette Beasts,Top down,JRPG,"Monster collecting, open-world, turn-based",,,,
Dave The Diver,81,90,-9,62%,PC,Switch,2023,2023,,21,Extra,1,No,Indie,Mintrocket,Dave the Diver,2D,Simulation,"Management, adventure",,,,
Inside,81,91,-10,62%,"XB1, PS4, PC",PS5,2016,2023,,3,Finished,1,No,Indie,Playdead,Inside,2D,Puzzle,"Platforming, linear",,,,
Halo Infinite,81,87,-6,62%,"XB1, XBS, PC",XBS,2021,2022,,14,Extra,1,No,Microsoft,Bungie,Halo,First person,Shooter,"Action, open-world, multiplayer",,,,
Bioshock 2,81,88,-7,62%,"PS3, X360",PS5,2010,2022,,4,Dropped,0,No,2K Games,Irrational Games,Bioshock,First person,Shooter,"Horror, linear, story-driven, immersive-sim",,84,2016,
Monster Hunter Rise,81,88,-7,62%,Switch,Switch,2021,2021,,27,Dropped,0,No,Capcom,Capcom,Monster Hunter,Third person,Action-RPG,"Action, monster hunting, multiplayer (co-op)",,,,
Spiritfarer,81,87,-6,62%,"PC, Switch, PS4, XB1",PC,2020,2020,,26,Finished,1,No,Indie,Thunder Lotus Games,Spiritfarer,2D,Adventure,"Platformer, management, social, story-driven",,,,
Path of Exile,81,93,-12,62%,PC,PC,2013,2019,,39,Finished,1,Yes,Indie,Grinding Gear Games,Path of Exile,Top down,Dungeon crawler,"Hack and slash, looter, action-RPG",73,,,
WipeOut 2048,81,85,-4,62%,Vita,PS4,2012,2017,,10,Dropped,,No,Sony,Studio Liverpool,WipeOut,Vehicle,Racing,Arcade,,85,2017,
Assassin's Creed Unity,81,70,11,62%,PS4,PS4,2014,2014,,61,Extra,1,Yes,Ubisoft,Ubisoft Montreal,Assassin's Creed,Third person,Stealth,"Open-world, platforming, story-driven",,,,
inFAMOUS Second Son,81,80,1,62%,PS4,PS4,2014,2014,,46,One-hundred,1,No,Sony,Sucker Punch,inFAMOUS,Third person,Action-adventure,"Open-world, sandbox, superhero, story-driven",,,,
Resogun,81,84,-3,62%,PS4,PS4,2013,2013,,27,One-hundred,1,No,Sony,Housemarque,Resogun,2D,Twin-stick shooter,"Action, bullet-hell, roguelike",,,,
Fifa 14,81,85,-4,62%,"PS3, PS4, X360, XB1",PS4,2013,2013,2014,534,Extra,,No,EA,EA sports,Fifa,Top down,Sports,"Football, management",,,,
Grand Theft Auto Vice City Stories,81,86,-5,62%,PSP,PSP,2006,2008,,45,Dropped,0,No,Rockstar,Rockstar,Grand Theft Auto,Third person,Action-adventure,"Open-world, sandbox",,,,
Lego Star Wars: The Video Game,81,78,3,62%,PS2,PS2,2005,2006,,40,Extra,1,No,Eidos Interactive,Traveller's Tales,Lego Games,Third person,Action-platformer,Sandbox,,,,
Dungeons of Hinterberg,80,80,0,59%,"XBS, PC",XBS,2024,2024,,18,Extra,1,No,Curve Games,Microbird Games,Dungeons of Hinterberg,Third person,Action-RPG,"Social, hack and slash",,,,
Crisis Core: Final Fantasy VII,80,83,-3,59%,PSP,PS5,2008,2024,,11,Finished,1,No,Square Enix,Square Enix,Final Fantasy,Third person,Action-RPG,JRPG,,79,2022,
Pikmin 4,80,88,-8,59%,Switch,Switch,2023,2023,,16,Extra,1,No,Nintendo,Nintendo,Pikmin,Third person,Strategy,Puzzles,,,,
God of War II,80,93,-13,59%,PS2,PS5,2007,2023,,9,Finished,1,No,Sony,Santa Monica Studio,God of War,Third person,Action-adventure,"Hack and slash, platforming, linear, puzzles",,,2010,
The Legend of Zelda: A Link to the Past,80,95,-15,59%,SNES,Switch,1992,2023,,6,Dropped,0,No,Nintendo,Nintendo,The Legend of Zelda ,Top down,Adventure,Puzzles,,,,
Kirby and the Forgotten Land,80,84,-4,59%,Switch,Switch,2022,2022,,11,Extra,1,No,Nintendo,HAL laboratory,Kirby,Third person,Platformer,"Collectathon, action",,,,
Gears of War 4,80,84,-4,59%,"XB1, PC",XBS,2016,2021,,7,Finished,1,No,Microsoft,The Coalition,Gears,Third person,Cover-shooter,"Linear, story-driven",,,,
Dirt 5,80,82,-2,59%,"PS4,XB1,PC,PS5,XBS",PS5,2020,2020,2022,26,One-hundred,,Yes,Codemasters,Codemasters,Dirt,Vehicle,Racing,Simcade,79,,,
Ys Seven,80,79,1,59%,PSP,PC,2010,2019,,26,Finished,1,No,XSEED Games,Nihon Falcom,Ys,Top down,Action-RPG,"JRPG, story-driven, hack and slash",,,,
Overcooked 2,80,81,-1,59%,PS4,PS4,2018,2018,,9,Finished,1,No,Team17,Team17,Overcooked,Top down,Party,"Multiplayer (co-op), puzzles, management",,,,
Mario + Rabbids Kingdom Battle,80,85,-5,59%,Switch,Switch,2017,2017,,25,Finished,1,No,Ubisoft,Ubisoft Milan,Mario + Rabbids,Top down,Strategy,Turn-based,,,,
Overcooked,80,80,0,59%,PS4,PS4,2016,2016,,23,Finished,1,No,Team17,Team17,Overcooked,Top down,Party,"Multiplayer (co-op), management",,,,
Stardew Valley,80,89,-9,59%,PS4,PS4,2016,2016,,20,Dropped,0,No,Indie,ConcernedApe,Stardew Valley,Top down,RPG,"Social, farming",,,,
Overwatch,80,91,-11,59%,PS4,PS4,2016,2016,,68,Finished,,No,Activision-Blizzard,Blizzard,Overwatch,First person,Shooter,Multiplayer,,,,
Hearthstone,80,88,-8,59%,PC,PC,2014,2015,,5,Tried,,No,Activision-Blizzard,Blizzard,Warcraft,Overview,Strategy,Card,,,,
Fifa 12,80,90,-10,59%,"X360, PS3",X360,2011,2013,,30,Dropped,,No,EA,EA sports,Fifa,Top down,Sports,"Football, management",,,,
F1 2011,80,84,-4,59%,"X360, PS3",PS3,2011,2012,,70,Finished,,No,Codemasters,Codemasters,F1,Vehicle,Racing,"Simcade, sports, simulation",,,,
Minishoot' Adventures,79,88,-9,55%,PC,PC,2024,2024,,7,Extra,1,No,Indie,SoulGame Studio,Minishoot,Top down,Twin-stick shooter,Adventure,,,,
Ratchet & Clank: Up Your Arsenal,79,91,-12,55%,PS2,PS5,2004,2024,,4,Dropped,0,No,Sony,Insomniac,Ratchet & Clank,Third person,Action-platformer,,,83,2012,
Mario Kart 64,79,83,-4,55%,N64,Switch,1997,2024,,2,Finished,,No,Nintendo,Nintendo,Mario Kart,Vehicle,Racing,Kart,,,,
Diablo 4,79,88,-9,55%,"PS4, PS5, PC, XB1, XBS",PC,2023,2023,,93,Extra,,Yes,Activision-Blizzard,Blizzard,Diablo,Top down,Dungeon crawler,"Action-RPG, hack and slash, open-world, multiplayer (co-op), looter",66,,,
Rollerdrome,79,80,-1,55%,"PS4, PS5, PC",PC,2022,2023,,3,Finished,1,No,Private Division,roll7,Rollderdrome,Third person,Shooter,"Sports (skate), action",,,,
PlateUp!,79,80,-1,55%,PC,PC,2022,2022,2023,46,Extra,,Yes,Yogscast Games,It's happening,PlateUp!,Top down,Party,"Management, roguelike",,,,
Two Point Campus,79,84,-5,55%,"PC, PS4, PS5, XB1, XBS, Switch",PC,2022,2022,,16,Finished,1,No,SEGA,Two Point Studios,Two Point,Overview,Simulation,Management,,,,
Teenage Mutant Ninja Turtles: Shredder's Revenge,79,87,-8,55%,"PS4,  PS5, XB1, XBS, PC, Switch",PC,2022,2022,,3,Finished,1,No,Indie,Dotemu,TMNT,2D,Brawler,,,,,
Concrete Genie,79,77,2,55%,PS4,PS4,2019,2019,,6,One-hundred,1,No,Sony,PixelOpus,Concrete Genie,Third person,Action-adventure,"Puzzles, platforming, story-driven",,,,
Apex Legends,79,86,-7,55%,PS4,PS4,2019,2019,"2022, 2023",12,Finished,,Yes,EA,Respawn,Apex Legends,First person,Shooter,Multiplayer,,,,
Gran Turismo Sport,79,75,4,55%,PS4,PS4,2017,2018,"2019, 2020",112,Finished,,Yes,Sony,Polyphony Digital,Gran Turismo,Vehicle,Racing,"Sim, sports",71,,,
Middle Earth Shadow of Mordor,79,84,-5,55%,PS4,PS4,2014,2014,,36,Finished,1,No,Warner Bros,Monolith Productions,Middle Earth,Third person,Action-adventure,"Open-world, story-driven",,,,
Far Cry 4,79,85,-6,55%,PS4,PS4,2014,2014,,72,One-hundred,1,No,Ubisoft,Ubisoft Montreal,Far Cry,First person,Shooter,"Open-world, stealth, story-driven",,,,
Pokemon Y,79,86,-7,55%,3DS,3DS,2013,2013,,20,Finished,1,No,Nintendo,Game Freak,Pokemon,Top down,JRPG,"Monster collecting, turn-based",,,,
Call of Duty Black Ops II,79,83,-4,55%,"X360, PS3, PC",PC,2012,2012,2013,55,Finished,1,No,Activision-Blizzard,Treyarch,Call of Duty,First person,Shooter,"Multiplayer, linear",,,,
Football Manager 2013,79,86,-7,55%,PC,PC,2012,2012,"2013, 2014",191,Extra,,No,SEGA,Sports Interactive,Football Manager,Overview,Simulation,"Sports (football), management",,,,
Fifa 07,79,82,-3,55%,PS2,PS2,2006,2006,,200,Finished,,No,EA,EA sports,Fifa,Top down,Sports,"Football, management",,,,
Balatro,78,91,-13,52%,"PC, PS4, PS5, XB1, XBS, Switch",PC,2024,2024,,4,Finished,,No,Indie,LocalThunk,Balatro,Overview,Roguelike,Card,,,,
Witchtastic,78,75,3,52%,"PC, Switch",PC,2021,2024,,4,Extra,1,No,Indie,Red Fur Games,Witchtastic,Top down,Party,Multiplayer (co-op),,,,
Ratchet & Clank: Going Commando,78,90,-12,52%,PS2,PS5,2003,2024,,6,Dropped,0,No,Sony,Insomniac,Ratchet & Clank,Third person,Action-platformer,,,83,2012,
Nobody Saves The World,78,80,-2,52%,"PC, XB1, XBS",XBS,2022,2022,,12,Finished,1,No,Indie,DrinkBox,Nobody Saves the World,Top down,Action-RPG,Hack and slash,,,,
Ori and The Blind Forest,78,89,-11,52%,"XB1,PC",PC,2015,2020,,7,Finished,1,No,Microsoft,Moon Studios,Ori,2D,Metroidvania,Platformer,,,,
Xenoblade Chronicles,78,92,-14,52%,Wii,Switch,2012,2020,,44,Finished,1,No,Nintendo,Monolith Soft,Xenoblade,Third person,Action-RPG,"JRPG, open-world, story-driven",,89,2020,
Kingdom Hearts 3,78,85,-7,52%,PS4,PS4,2019,2019,,27,Finished,1,No,Square Enix,Square Enix,Kingdom Hearts,Third person,Action-RPG,Story-driven,,,,
Trackmania Turbo,78,81,-3,52%,PS4,PS4,2016,2016,2021,71,Extra,,No,Ubisoft,Nadeo,Trackmania,Vehicle,Racing,Arcade,,,,
Ratchet & Clank (2016),78,85,-7,52%,PS4,PS4,2016,2016,,14,Finished,1,No,Sony,Insomniac,Ratchet & Clank,Third person,Platformer,"Action, story-driven",,,,
Assassin's Creed Syndicate,78,76,2,52%,PS4,PS4,2015,2015,,41,Finished,1,No,Ubisoft,Ubisoft Quebec,Assassin's Creed,Third person,Stealth,"Platforming, open-world, story-driven",,,,
Call of Duty Advanced Warfare,78,83,-5,52%,PS4,PS4,2014,2014,,159,Finished,1,No,Activision-Blizzard,Sledgehammer Games,Call of Duty,First person,Shooter,"Multiplayer, linear",,,,
Pokemon Omega Ruby,78,83,-5,52%,3DS,3DS,2014,2014,,25,Finished,1,No,Nintendo,Game Freak,Pokemon,Top down,JRPG,"Monster collecting, turn-based",,,,
XCOM: Enemy Unknown,78,89,-11,52%,"PC, PS3, X360",PC,2012,2014,,10,Dropped,0,No,2K Games,Firaxis,XCOM,Top down,Strategy,"Turn-based, management",,,,
Fifa 13,78,90,-12,52%,"X360, PS3",X360,2012,2013,,50,Finished,,No,EA,EA sports,Fifa,Top down,Sports,"Football, management",,,,
Torchlight 2,78,88,-10,52%,PC,PC,2012,2012,,14,Dropped,0,No,Indie,Runic Games,Torchlight,Top down,Dungeon crawler,"Action-RPG, hack and slash, looter",,,,
Football Manager 2012,78,84,-6,52%,PC,PC,2011,2011,2012,87,Finished,,No,SEGA,Sports Interactive,Football Manager,Overview,Simulation,"Sports (football), management",,,,
F1 2010,78,84,-6,52%,"X360, PS3",PS3,2010,2011,,30,Dropped,,No,Codemasters,Codemasters,F1,Vehicle,Racing,"Simcade, sports, simulation",,,,
Dragon Quest IX,78,87,-9,52%,DS,DS,2010,2010,,70,Finished,1,No,Square Enix,Level-5,Dragon Quest,Top down,JRPG,Turn-based,,,,
Prince of Persia The Lost Crown,77,87,-10,49%,"PC, PS4, PS5, XB1, XBS, Switch",PS5,2024,2024,,16,Finished,1,No,Ubisoft,Ubisoft Montpellier,Prince of Persia,2D,Metroidvania,"Platformer, action",,,,
Yakuza: Like a Dragon,77,86,-9,49%,"PS4, PS5, XB1, XBS, PC",PS5,2020,2024,,12,Dropped,0,No,SEGA,Ryu Ga Gotoku,Like a Dragon,Third person,JRPG,"Turn-based, story-driven",,,,
Star Fox 64,77,89,-12,49%,N64,Switch,1997,2024,,2,Finished,1,No,Nintendo,Nintendo,Star Fox,Vehicle,Action,,,,,
Chained Echoes,77,90,-13,49%,"PS4, PS5, XB1, XBS, PC, Switch",XBS,2022,2023,,8,Dropped,0,No,Indie,Matthias Linda,Chained Echoes,Top down,JRPG,"Turn-based, story-driven",,,,
Loop Hero,77,84,-7,49%,PC,PC,2021,2022,,6,Dropped,0,No,Devolver Digital,Four Quarters,Loop Hero,Overview,Strategy,"Idle, card",,,,
Tony Hawk's Pro Skater 1+2,77,89,-12,49%,"PS4,XB1,PC,PS5,XBS",PS5,2020,2022,,2,Tried,0,No,Activision-Blizzard,Vicarious Visions,Tony Hawk's Pro Skater,Third person,Sports,Skate,,,,
Streets of Rage 4,77,84,-7,49%,"Switch, PC",XBS,2020,2021,,3,Dropped,1,No,Indie,Dotemu,Streets of Rage,2D,Brawler,,,,,
Ring Fit Adventure,77,83,-6,49%,Switch,Switch,2019,2019,"2020, 2021, 2022, 2023, 2024",33,Finished,0,No,Nintendo,Nintendo,Ring Fit,Third person,Fitness,"JRPG, turn-based",,,,
Sekiro Shadows Die Twice,77,90,-13,49%,"PS4,XB1,PC",PS4,2019,2019,2020,11,Tried,0,No,Activision-Blizzard,From Software,Sekiro,Third person,Soulslike,"Action-RPG, action",,,,
Gris,77,84,-7,49%,Switch,Switch,2018,2019,,4,Finished,1,No,Devolver Digital,Nomada Studio,Gris,2D,Adventure,"Platformer, linear",,,,
Call of Duty WW2,77,79,-2,49%,PS4,PS4,2017,2017,2019,62,Finished,1,No,Activision-Blizzard,Sledgehammer Games,Call of Duty,First person,Shooter,"Linear, multiplayer",,,,
Heavy Rain,77,87,-10,49%,PS3,PS4,2010,2017,,13,Finished,1,No,Sony,Quantic Dream,Heavy Rain,Third person,Interactive Story,"Story-driven, linear",,,,
Call of Duty Infinite Warfare,77,77,0,49%,PS4,PS4,2016,2016,,14,Finished,1,No,Activision-Blizzard,Infinity Ward,Call of Duty,First person,Shooter,Multiplayer,,,,
The Order 1886,77,63,14,49%,PS4,PS4,2015,2015,,8,One-hundred,1,No,Sony,Ready at Dawn,The Order,Third person,Cover-shooter,"Linear, story-driven, horror",,,,
Football Manager 2014,77,85,-8,49%,PC,PC,2013,2014,2014,74,Finished,,No,SEGA,Sports Interactive,Football Manager,Overview,Simulation,"Sports (football), management",,,,
Battlefield 4,77,85,-8,49%,PS4,PS4,2013,2013,,50,Finished,1,No,EA,DICE,Battlefield,First person,Shooter,"Linear, multiplayer",,,,
F1 2012,77,81,-4,49%,PC,PC,2012,2012,2013,110,Finished,,No,Codemasters,Codemasters,F1,Vehicle,Racing,"Simcade, sports, simulation",,,,
Lego Indiana Jones: The Original Adventures,77,77,0,49%,"PS2, PS3, X360, PC, DS, PSP",PS2,2008,2008,,15,Extra,1,No,LucasArts,Traveller's Tales,Lego Games,Third person,Action-platformer,Sandbox,,,,
Roboquest,76,85,-9,46%,"XB1, XBS, PC",XBS,2023,2024,,5,Finished,,No,Indie,RyseUp Studios,Roboquest,First person,Roguelike,"Shooter, action",,,,
Metroid: Zero Mission,76,89,-13,46%,GBA,NSW,2004,2024,,5,Finished,1,,Nintendo,Nintendo,Metroid,2D,Metroidvania,"Remake, platformer",,,,
Super Mario RPG (Remake),76,84,-8,46%,Switch,Switch,2023,2023,,12,Finished,1,No,Nintendo,Nintendo,Mario RPG,Top down,JRPG,"Turn-based, remake",,,,
Starfield,76,85,-9,46%,"PC, XBS",XBS,2023,2023,,28,Finished,1,No,Bethesda,Bethesda Softworks,Starfield,First person,RPG,Shooter,,,,
Overwatch 2,76,77,-1,46%,"PS4, PS5, XB1, XBS, PC",PS5,2022,2022,,26,Finished,,No,Activision-Blizzard,Blizzard,Overwatch,First person,Shooter,Multiplayer,,,,
Freshly Frosted,76,89,-13,46%,"PS4, XB1, PC, Switch",Switch,2022,2022,,5,Finished,1,No,Indie,The Quantum Astrophysicists Guild,Freshly Frosted,Overview,Puzzle,,,,,
A Plague Tale: Innocence,76,82,-6,46%,"PC, PS4, XB1",XBS,2019,2022,,8,Finished,1,No,Focus Home Interactive,Asobo Studio,A Plague Tale,Third person,Stealth,"Linear, puzzles, story-driven, survival",,,,
Trials Fusion,76,79,-3,46%,"PC, PS4, XB1",PS5,2014,2022,,8,Finished,1,No,Ubisoft,RedLynx,Trials,2D,Racing,"Arcade, platforming, party",,,,
Deep Rock Galactic,76,85,-9,46%,"PC, XB1",PC,2020,2021,,11,Dropped,,Yes,Coffee Stain,Ghost Ship Games,Deep Rock Galactic,First person,Shooter,"Action, exploration, multiplayer (co-op)",,,,
Warhammer Vermentide 2,76,83,-7,46%,PC,PC,2018,2021,,9,Finished,1,No,Indie,Fatshark,Warhammer,First person,Action,Looter,,,,
Monster Hunter World,76,89,-13,46%,"PS4, PC",PS5,2018,2021,,7,Dropped,0,Yes,Capcom,Capcom,Monster Hunter,Third person,Action-RPG,"Action, monster hunting, multiplayer (co-op)",,,,
Pyre,76,84,-8,46%,"PS4, PC",PC,2017,2021,,5,Dropped,0,No,Indie,Supergiant,Pyre,Top down,Action-RPG,"Strategy, sports, story-driven",,,,
Doom (2016),76,85,-9,46%,"PS4, XB1, PC",PS4,2016,2020,,9,Finished,1,No,Bethesda,id Software,Doom,First person,Shooter,"Action, linear",,,,
Moss PSVR,76,85,-9,46%,PS4,PS4,2018,2019,,3,Finished,1,No,Indie,Polyarc,Moss,Top down,Action-adventure,"Puzzles, VR, linear",,,,
Call of Duty Black Ops 4,76,85,-9,46%,PS4,PS4,2018,2018,2019,59,Finished,1,No,Activision-Blizzard,Treyarch,Call of Duty,First person,Shooter,Multiplayer,,,,
Star Wars: Knights of the Old Republic,76,94,-18,46%,"PC, Xbox",PC,2003,2018,,3,Tried,0,No,LucasArts,BioWare,Star Wars,Third person,RPG,Story-driven,,,,
Gato Roboto,75,74,1,43%,"PC, Switch",PC,2019,2024,,3,Finished,1,No,Devolver Digital,doinksoft,Gato Roboto,2D,Metroidvania,,,,,
Jak II,75,87,-12,43%,PS2,PS5,2003,2024,,13,Finished,1,No,Sony,Naughty Dog,Jak and Daxter,Third person,Action-platformer,Open-world,,81,2012,
F-Zero 99,75,80,-5,43%,Switch,Switch,2023,2023,2024,4,Finished,,No,Nintendo,Nintendo,F-Zero,Vehicle,Racing,"Arcade, multiplayer",,,,
Warhammer 40K: Darktide,75,74,1,43%,PC,PC,2022,2023,,6,Dropped,,Yes,Indie,Fatshark,Warhammer,First person,Action,"Shooter, looter",,,,
Trials Rising,75,80,-5,43%,"PC, PS4, XB1, Switch",PS5,2019,2022,,9,Dropped,0,Yes,Ubisoft,RedLynx,Trials,2D,Racing,"Arcade, platforming, party",,,,
Immortals Fenyx Rising,75,79,-4,43%,"PS4,PS5,Switch,XB1,XBS,PC",PS5,2020,2021,,26,Finished,1,No,Ubisoft,Ubisoft Quebec,Immortals,Third person,Action-adventure,"Open-world, puzzles",,,,
Sackboy: A Big Adventure,75,81,-6,43%,"PS4, PS5",PS5,2020,2021,,7,Finished,1,No,Sony,Sumo Digital,LittleBigPlanet,Third person,Platformer,Collectathon,,,,
Pokemon Let's Go Pikachu,75,81,-6,43%,Switch,Switch,2018,2018,,20,Finished,1,No,Nintendo,Game Freak,Pokemon,Top down,JRPG,"Monster collecting, turn-based, remake",,,,
Hearts of Iron IV,75,83,-8,43%,PC,PC,2016,2017,"2018, 2019",74,Finished,,No,Paradox Interactive,Paradox,Paradox 4X,Overview,Strategy,,,,,
Call of Duty Black Ops III,75,81,-6,43%,PS4,PS4,2015,2015,,94,Finished,1,No,Activision-Blizzard,Treyarch,Call of Duty,First person,Shooter,Multiplayer,,,,
Guacamelee!,75,83,-8,43%,Vita,Vita,2013,2014,,3,Tried,0,No,Indie,DrinkBox,Guacamelee!,2D,Metroidvania,Platformer,,,,
Torchlight,75,83,-8,43%,PC,PC,2009,2012,,11,Dropped,0,No,Indie,Runic Games,Torchlight,Top down,Dungeon crawler,"Action-RPG, hack and slash, looter",,,,
Need for Speed Hot Pursuit,75,88,-13,43%,"X360, PS3",PS3,2010,2011,,8,Tried,0,No,EA,Criterion Games,Need for Speed,Vehicle,Racing,"Arcade, open-world",,,,
Wii Sports,75,76,-1,43%,Wii,Wii,2007,2008,,150,Extra,,No,Nintendo,Nintendo,Wii Sports,Overview,Sports,,,,,
Mario Strikers Charged Football,75,79,-4,43%,Wii,Wii,2007,2008,,20,Finished,,No,Nintendo,Next Level Games,Mario Sports,Top down,Sports,Football,,,,
Mario Kart Super Circuit,74,93,-19,40%,GBA,Switch,2001,2024,,2,Finished,,No,Nintendo,Nintendo,Mario Kart,Vehicle,Racing,Kart,,,,
Call of Duty Black Ops Cold War,74,75,-1,40%,"PS4, XB1, PC",PS5,2020,2023,,8,Finished,1,No,Activision-Blizzard,Treyarch,Call of Duty,First person,Shooter,Multiplayer,,,,
Pokemon Violet,74,72,2,40%,Switch,Switch,2022,2022,,33,Extra,1,No,Nintendo,Game Freak,Pokemon,Third person,JRPG,"Monster collecting, open-world, turn-based",,,,
Risk of Rain 2,74,86,-12,40%,"PS4, XB1, PC",PS5,2019,2022,,6,Finished,,Yes,Gearbox Publishing,Hopoo Games,Risk of Rain,Third person,Roguelike,"Shooter, multiplayer (co-op)",,,,
Castlevania Symphony of the Night,74,93,-19,40%,PS,XBS,1997,2022,,3,Tried,0,No,Konami,Konami,Castlevania,2D,Metroidvania,Platformer,,,,
Northgard,74,79,-5,40%,PC,PC,2018,2021,,15,Finished,1,No,Indie,Shiro Games,Northgard,Top down,Strategy,,,,,
Wreckfest,74,80,-6,40%,PC,PS5,2018,2021,,12,Finished,,No,THQ Nordic,Bugbear Entertainment,Wreckfest,Vehicle,Racing,Simcade,,,,
Dungeon of the Endless,74,79,-5,40%,PC,PC,2014,2021,,14,Finished,,No,Indie,Amplitude Studios,Dungeon of the Endless,Top down,Roguelike,"Strategy, tower-defense",,,,
WRC 9,74,80,-6,40%,"PS4,XB1,PS5,PC",PS5,2020,2020,,20,One-hundred,,No,Nacon,Kylotonn,WRC,Vehicle,Racing,"Sim, simulation, sports",,,,
Crash Bandicoot 4: Its About Time,74,85,-11,40%,"PS4, XB1",PS4,2020,2020,,11,Finished,1,No,Activision-Blizzard,Toys for Bob,Crash Bandicoot,Third person,Platformer,,,,,
Dreams,74,90,-16,40%,PS4,PS4,2020,2020,2023,14,Finished,,No,Sony,Media Molecule,Dreams,Third person,Platformer,"User-creation, sandbox",,,,
Warframe,74,71,3,40%,PC,PC,2013,2018,,61,Dropped,0,Yes,Indie,Digital Extremes,Warframe,Third person,Looter-shooter,"Action-RPG, looter",60,,,
Prison Architect,74,80,-6,40%,"PC, PS4, XB1",PC,2015,2015,2019,24,Finished,,Yes,Indie,Introversion Software,Prison Architect,Top down,Simulation,Management,,,,
Borderlands The Pre-Sequel,74,75,-1,40%,PS4,PS4,2014,2014,,30,Finished,1,No,2K Games,Gearbox,Borderlands,First person,Looter-shooter,"Action-rpg, multiplayer (co-op), open-world, looter",,,,
Destiny,74,76,-2,40%,"PS3, X360, PS4, XB1",PS4,2014,2014,,168,Finished,1,No,Activision-Blizzard,Bungie,Destiny,First person,Looter-shooter,"Multiplayer, open-world, looter",,,,
Lego Stunt Rally,74,72,2,40%,PC,PC,2000,2005,,20,Extra,1,No,Lego Media,Intelligent Games,Lego Racing,Top down,Racing,Arcade,,,,
Sifu,73,81,-8,38%,"PS4, PS5, PC",PS5,2022,2024,,4,Finished,1,Yes,Indie,Sloclap,Sifu,Third person,Action,Roguelike,,,,
Ghostwire Tokyo,73,77,-4,38%,"PS5, PC",PS5,2022,2023,,10,Finished,1,Yes,Bethesda,Tango Gameworks,Ghostwire,First person,Action-adventure,"Open-world, horror, stealth",,,,
Wildermyth,73,85,-12,38%,PC,PC,2021,2022,,6,Dropped,,No,Indie,Worldwalker Games,Wildermyth,Overview,RPG,"Strategy, sandbox, story-driven, interactive-story",,,,
Far Cry 5,73,82,-9,38%,"PS4, XB1, PC",XBS,2018,2022,,17,Finished,1,No,Ubisoft,Ubisoft Montreal,Far Cry,First person,Shooter,"Open-world, stealth, story-driven",,,,
Parkitect,73,83,-10,38%,PC,PC,2018,2022,,34,Finished,,Yes,Indie,Texel Raptor,Parkitect,Overview,Simulation,Management,,,,
Bugsnax,73,75,-2,38%,"PS4, PS5, PC",PS5,2020,2020,,7,Finished,1,No,Indie,Young Horses,Bugsnax,First person,Action-adventure,"Exploration, story-driven, social, monster collecting",,,,
Dirt Rally 2.0,73,83,-10,38%,"PS4, XB1, PC",PS4,2019,2020,,14,Dropped,,No,Codemasters,Codemasters,Dirt,Vehicle,Racing,"Sim, sports",,,,
The Legend of Zelda: Link's Awakening,73,87,-14,38%,Switch,Switch,2019,2019,,10,Finished,1,No,Nintendo,Nintendo,The Legend of Zelda,Top down,Adventure,Puzzles,,,,
Spec Ops The Line,73,76,-3,38%,PC,PC,2012,2017,,5,Finished,1,No,2K Games,Yager Development,Spec Ops,First person,Cover-shooter,"Linear, story-driven",,,,
WipeOut HD,73,87,-14,38%,PS3,PS4,2007,2017,,3,Dropped,,No,Sony,Studio Liverpool,WipeOut,Vehicle,Racing,Arcade,,85,2017,
Crash Bandicoot,73,80,-7,38%,PS1,PS4,1996,2017,,8,Finished,1,No,Sony,Naughty Dog,Crash Bandicoot,Third person,Platformer,,,80,2017,Toys for Bob
Football Manager 2015,73,80,-7,38%,PC,PC,2014,2014,2015,98,Extra,,No,SEGA,Sports Interactive,Football Manager,Overview,Simulation,"Sports (football), management",,,,
2010 FIFA World Cup South Africa,73,82,-9,38%,"X360, PS3, PSP",PSP,2010,2010,,20,Finished,,No,EA,EA sports,Fifa,Top down,Sports,"Football, management",,,,
Rollercoaster Tycoon,73,78,-5,38%,PC,PC,1999,2004,,5,Dropped,,No,Infogrames (Atari),Chris Sawyer,Rollercoaster Tycoon,Top down,Simulation,Management,,,,
Against The Storm,72,92,-20,35%,PC,PC,2023,2024,,9,Dropped,0,No,Hooded Horse,Eremite Games,Against The Storm,Top down,Strategy,"Simulation (city-building), roguelike",,,,
Supraland Six Inches Under,72,85,-13,35%,"PC, XB1, PS4, XBS, PS5, NSW",XBS,2022,2024,,6,Finished,1,No,Indie,Supra Games,Supraland,First person,Metroidvania,Puzzles,,,,
Assassin's Creed Mirage,72,77,-5,35%,"PC, PS4, PS5, XB1, XBS",XBS,2023,2023,,25,Extra,1,No,Ubisoft,Ubisoft Bordeaux,Assassin's Creed,Third person,Stealth,"Open-world, platforming",,,,
Cult of the Lamb,72,84,-12,35%,"PS4, PS5, XB1, XBS, PC, Switch",PS5,2022,2023,,10,Finished,1,No,Devolver Digital,Massive Monster,Cult of the Lamb,Top down,Roguelike,"Hack and slash, management",,,,
High on Life,72,69,3,35%,"XB1, XBS, PC",XBS,2022,2022,,8,Finished,1,No,Indie,Squanch Games,High on Life,First person,Shooter,Story-driven,,,,
Crypt of the Necrodancer,72,87,-15,35%,PC,PC,2015,2022,,1,Tried,0,No,Indie,Brace Yourself Games,Necrodancer,Top down,Roguelike,Rythm,,,,
Hot Wheels Unleashed,72,74,-2,35%,"Switch, PS4, PS5, XBS, XB1",Switch,2021,2021,,17,Finished,1,No,Indie,Milestone,Hot Wheels,Vehicle,Racing,Arcade,,,,
Ultimate Chicken Horse,72,79,-7,35%,"PC, PS4, XB1, Switch",PC,2016,2021,,2,Tried,,No,Indie,Clever Endeavour Games,Ultimate Chicken Horse,2D,Party,"Platformer, multiplayer",,,,
Halo 3 ODST,72,83,-11,35%,X360,PC,2009,2021,,7,Finished,1,No,Microsoft,Bungie,Halo,First person,Shooter,Linear,,,,
Hyrule Warriors Age of Calamity,72,80,-8,35%,Switch,Switch,2020,2020, ,21,Finished,1,No,Nintendo,Omega Force,The Legend of Zelda,Third person,Action,"Hack and slash, musou, story-driven",,,,
Darksiders Genesis,72,79,-7,35%,"PC, PS4, XB1, Switch",PC,2019,2020,,12,Finished,1,No,THQ Nordic,Airship Syndicate,Darksiders,Top down,Dungeon crawler,"Hack and slash, action-RPG",,,,
Stellaris,72,81,-9,35%,PC,PC,2016,2020,,8,Tried,,Yes,Paradox Interactive,Paradox,Paradox 4X,Overview,Strategy,,,,,
Uncharted Golden Abyss,72,80,-8,35%,Vita,Vita,2011,2014,,7,Finished,1,No,Sony,Bend Studio,Uncharted,Third person,Cover-shooter,"Story-driven, action, linear, puzzles, platforming",,,,
Wii Fit,72,80,-8,35%,Wii,Wii,2008,2009,"2010, 2011",50,Finished,,No,Nintendo,Nintendo,Wii Fit,Overview,Fitness,,,,,
Nintendogs,72,83,-11,35%,DS,DS,2005,2007,,25,Finished,,No,Nintendo,Nintendo,Nintendogs,Overview,Simulation,Social,,,,
The Simpsons Hit & Run,72,78,-6,35%,PS2,PS2,2003,2005,,15,Dropped,0,No,Vivendi,Radical Entertainment,The Simpsons,Third person,Action-adventure,"Open-world, sandbox",,,,
Dragon's Dogma 2,71,87,-16,32%,"PC, PS5, XBS",PS5,2024,2024,,23,Finished,1,No,Capcom,Capcom,Dragon's Dogma,Third Person,RPG,"Open-world, action",,,,
Cities Skylines 2,71,75,-4,32%,PC,PC,2023,2023,,8,Finished,,No,Paradox Interactive,Colossal Order,Cities Skylines,Overview,Simulation,City-building,71,,,
Jusant,71,83,-12,32%,"XBS, PS5, PC",XBS,2023,2023,,4,Finished,1,No,Indie,Don't Nod,Jusant,Third person,Adventure,"Platformer, linear",,,,
Supraland,71,77,-6,32%,PC,PC,2019,2023,,10,Finished,1,No,Indie,Supra Games,Supraland,First person,Metroidvania,"Puzzles, platforming",,,,
Batman Arkham City,71,94,-23,32%,"PS3, X360",PS5,2011,2023,,9,Finished,1,No,Warner Bros,Rocksteady,Batman,Third person,Action-adventure,"Open-world, superhero, story-driven",,76,2016,
Grid Legends,71,75,-4,32%,"PS4, PS5, XB1, XBS, PC",XBS,2022,2022,,17,Extra,,No,EA,Codemasters,Grid,Vehicle,Racing,Arcade,70,,,
Buck Up and Drive!,71,70,1,32%,PC,PC,2021,2022,,1,Finished,,No,Indie,Fabio Fontez,Buck up and Drive!,Vehicle,Racing,Arcade,,,,
Tribes of Midgard,71,75,-4,32%,"PS5, PS4, PC",PS5,2021,2022,,10,Dropped,,Yes,Gearbox Publishing,Norsfell,Tribes of Midgard,Top down,Action-RPG,"Survival, roguelike, multiplayer (co-op)",,,,
Spelunky 2,71,86,-15,32%,"PC, PS4, PS5",PC,2020,2022,,1,Tried,0,No,Indie,Mossmouth,Spelunky,2D,Roguelike,Platformer,,,,
Hyper Light Drifter,71,84,-13,32%,"PC, XB1, PS4",PC,2016,2022,,3,Dropped,0,No,Indie,Heart Machine,Hyper Light,Top down,Adventure,Action-RPG,,,,
Battlefield 1,71,87,-16,32%,"PS4,XB1,PC",PS5,2016,2021,,10,Finished,1,No,EA,DICE,Battlefield,First person,Shooter,"Linear, multiplayer",,,,
Cat Quest II,71,76,-5,32%,Switch,Switch,2019,2019,,4,Finished,1,No,Indie,The Gentlebros,Cat Quest,Top down,Action-RPG,"Hack and slash, open-world, looter",,,,
Dust: An Elysian Tail,71,83,-12,32%,X360,PS4,2012,2014,,2,Tried,0,No,Microsoft,Humble Hearts,Dust,2D,Metroidvania,"Metroidvania, RPG",,,,
New Super Mario Bros. Wii,71,87,-16,32%,Wii,Wii,2009,2009,,6,Dropped,0,No,Nintendo,Nintendo,Super Mario (2D),2D,Platformer,,,,,
Hot Wheels Unleashed 2: Turbocharged,70,77,-7,29%,"Switch, PS4, PS5, XBS, XB1, PC",XBS,2023,2024,,7,Finished,1,No,Indie,Milestone,Hot Wheels,Vehicle,Racing,Arcade,,,,
Tiny Tina's Wonderlands,70,78,-8,29%,"PS4, XB1, PS5, XBS, PC",PS5,2022,2024,,,,,No,2K Games,Gearbox,Borderlands,First person,Looter-shooter,Action-RPG,,,,
Wild Hearts,70,79,-9,29%,"PC, XB1, XBS, PS4, PS5",XBS,2023,2023,,2,Tried,0,No,EA,Koei Tecmo Games,Wild Hearts,Third person,Action-RPG,Monster hunting,,,,
Counter-Strike 2,70,80,-10,29%,PC,PC,2023,2023,,4,Dropped,,No,Valve,Valve,Counter-Strike,First person,Shooter,Multiplayer,,,,
Warpips,70,79,-9,29%,PC,PC,2022,2022,,9,Finished,,No,Indie,Skirmish Mode Games,Warpips,Overview,Strategy,,,,,
Star Wars Squadrons,70,79,-9,29%,"PS4, XB1, PC",PS4,2020,2020,,15,Finished,1,No,EA,Motive Studios,Star Wars,First person,Action,Simulation,,,,
Abzu,70,80,-10,29%,"PC, PS4",PC,2016,2020,,1,Finished,1,No,505 Games,Giant Squid Studios,Abzu,First person,Adventure,Linear,,,,
Fifa 19,70,81,-11,29%,PS4,PS4,2018,2019,,42,Finished,,No,EA,EA sports,Fifa,Top down,Sports,"Football, management",,,,
Assassin's Creed Rogue,70,72,-2,29%,"PS3, X360",PS4,2014,2019,,12,Finished,1,No,Ubisoft,Ubisoft Sofia,Assassin's Creed,Third person,Stealth,"Open-world, platforming",,71,2018,
Cat Quest,70,72,-2,29%,Switch,Switch,2017,2017,,3,Finished,1,No,Indie,The Gentlebros,Cat Quest,Top down,Action-RPG,"Hack and slash, open-world, looter",,,,
The Crew,70,61,9,29%,PS4,PS4,2014,2016,,26,Finished,1,No,Ubisoft,Ivory Tower,The Crew,Vehicle,Racing,"Arcade, open-world",,,,
The Witcher 3,70,92,-22,29%,"PS4,XB1,PC",PS4,2015,2015,,16,Dropped,0,No,CD Projekt,CD Projekt Red,The Witcher,Third person,RPG,"Open-world, story-driven, action",,,,
Infamous First Light,70,73,-3,29%,PS4,PS4,2014,2014,,8,One-hundred,1,No,Sony,Sucker Punch,inFAMOUS,Third person,Action-adventure,"Open-world, sandbox, superhero, story-driven",,,,
Velocity 2X,70,85,-15,29%,"PS4, XB1, PC",PS4,2014,2014,,6,Dropped,0,No,Indie,FuturLab,Velocity 2X,2D,Shooter,Bullet-hell,,,,
Don't Starve,70,79,-9,29%,PC,PS4,2013,2014,,6,Dropped,,No,Indie,Klei Entertainment,Don't Starve,Top down,Survival,Horror,,,,
Grand Theft Auto IV,70,98,-28,29%,PS3,X360,2008,2013,,15,Dropped,0,No,Rockstar,Rockstar,Grand Theft Auto,Third person,Action-adventure,"Open-world, sandbox, cover-shooter",,,,
Skyrim,70,94,-24,29%,"X360, PS3",PS3,2011,2012,,10,Dropped,0,No,Bethesda,Bethesda Softworks,Skyrim,First person,RPG,Open-world,,,,
Pokemon Mystery Dunegon Explorers of Time,70,60,10,29%,DS,DS,2008,2009,,30,Finished,1,No,Nintendo,Spike Chunsoft,Pokemon,Top down,JRPG,"Strategy, turn-based",,,,
Brain Training,70,77,-7,29%,DS,DS,2006,2008,,30,Finished,,No,Nintendo,Nintendo,Brain Training,Overview,Puzzle,Educational,,,,
Lego 2K Drive,69,72,-3,26%,"PS4, PS5, XB1, XBS, PC, Switch",PS5,2023,2024,,6,Finished,1,No,2K Games,Visual Concepts Entertainment,Lego Racing,Vehicle,Racing,"Kart, open-world",,,,
Forspoken,69,67,2,26%,"PC, PS5",PS5,2023,2023,,19,Finished,1,No,Square Enix,Luminous Productions,Forspoken,Third person,Action-adventure,Open-world,,,,
Trek to Yomi,69,72,-3,26%,"XB1, XBS, PS4, PS5, PC",XBS,2022,2022,,4,Finished,1,No,Devolver Digital,Flying Wild Hog,Trek to Yomi,2D,Action,"Linear, adventure",,,,
TemTem,69,76,-7,26%,"Switch, PC, PS4, PS5, XB1, XBS",PC,2022,2022,,13,Dropped,0,No,Humble Games,Crema,TemTem,Top down,JRPG,"Monster collecting, open-world, turn-based",,,,
Windjammers 2,69,77,-8,26%,"Switch,PC,PS4,XB1,XBS,PS5",XBS,2022,2022,,2,Tried,,No,Indie,Dotemu,Windjammers,Top down,Sports,"Party, multiplayer",,,,
Bayonetta,69,90,-21,26%,"PS3, X360",Switch,2010,2022,,10,Finished,1,No,SEGA,Platinum Games,Bayonetta,Third person,Action,"Hack and slash, linear",,84,2018,
Age of Empires IV,69,83,-14,26%,PC,PC,2021,2021,,3,Tried,,No,Microsoft,Relic Entertainment,Age of Empires,Top down,Strategy,,,,,
Journey to the Savage Planet,69,76,-7,26%,"PS4, XB1, PC, Switch",PS4,2020,2020,,6,Finished,1,No,505 Games,Typhoon Studios,Journey to the Savage Planet,First person,Action-adventure,"Action, multiplayer (co-op)",,,,
Wargroove,69,83,-14,26%,"PC,Switch,PS4,XB1",Switch,2019,2019,2020,5,Dropped,0,No,Indie,Chucklefish,Wargroove,Top down,Strategy,Turn-based,,,,
Detroit Become Human,69,78,-9,26%,PS4,PS4,2018,2018,,6,Finished,1,No,Sony,Quantic Dream,Detroit Become Human,Third person,Interactive Story,"Story-driven, linear",,,,
Motorsport Manager,69,81,-12,26%,PC,PC,2016,2016,2020,44,Finished,,No,Indie,Playsport Games,Motorsport Manager,Overview,Simulation,Management,,,,
Watch Dogs 2,69,82,-13,26%,PS4,PS4,2016,2016,,24,Finished,1,No,Ubisoft,Ubisoft Montreal,Watch Dogs,Third person,Cover-shooter,"Open-world, stealth",,,,
Killzone Shadow Fall,69,73,-4,26%,PS4,PS4,2013,2013,,38,Finished,1,No,Sony,Guerrilla Games,Killzone,First person,Shooter,"Linear, multiplayer",,,,
20 Minutes Till Dawn,68,78,-10,24%,"PC, mobile",PC,2023,2023,,5,Finished,,No,Indie,Flanne,20 Minutes Till Dawn,Top down,Roguelike,Bullet-heaven,,,,
The Riftbreaker,68,80,-12,24%,"PC, PS4, XB1",PC,2021,2022,,5,Dropped,,No,Indie,EXOR Studios,The Riftbreaker,Top down,Strategy,"Base-building, bullet-hell",,,,
Golf Peaks,68,75,-7,24%,"PC, mobile",Mobile,2018,2022,,3,Finished,1,No,Indie,Afterburn,Golf Peaks,Overview,Puzzle,,,,,
Mini Motorways,68,80,-12,24%,PC,PC,2021,2021,,6,Finished,,No,Indie,Dinosaur Polo Club,Mini (transport),Overview,Strategy,Puzzle,,,,
Cyberpunk 2077,68,76,-8,24%,"PS4, XB1, PC",PS5,2020,2020,,35,Finished,1,No,CD Projekt,CD Projekt Red,Cyberpunk,First person,RPG,"Action, stealth, open-world, story-driven",,,,
Nex Machina,68,84,-16,24%,"PS4,PC",PS4,2017,2020,,4,Dropped,0,No,Indie,Housemarque,Nex Machina,Top down,Twin-stick shooter,"Bullet-hell, roguelike",,,,
GreedFall,68,75,-7,24%,"PS4,XB1,PC",PS4,2019,2019,,27,Finished,1,No,Focus Home Interactive,Spiders,GreedFall,Third person,RPG,Story-driven,,,,
Assassin's Creed Freedom Cry,68,70,-2,24%,PS4,PS4,2013,2017,,5,Finished,1,No,Ubisoft,Ubisoft Montreal,Assassin's Creed,Third person,Stealth,"Open-world, platforming",,,,
Crusader Kings 2,68,82,-14,24%,PC,PC,2012,2017,,5,Tried,,No,Paradox Interactive,Paradox,Paradox 4X,Overview,Strategy,,,,,
Transformers: Devastation,68,77,-9,24%,"PS3, PS4, X360, XB1, PC",PS4,2015,2016,,2,Tried,0,No,Activision-Blizzard,Platinum Games,Transformers,Third person,Action,"Hack and slash, linear",,,,
Star Wars Battlefront,68,73,-5,24%,PS4,PS4,2015,2015,,42,Finished,,No,EA,DICE,Star Wars,First person,Shooter,Multiplayer,,,,
Endless Legend,68,82,-14,24%,PC,PC,2014,2015,,8,Finished,,No,SEGA,Amplitude Studios,Endless Legend,Overview,Strategy,Turn-based,,,,
Sportsfriends,68,80,-12,24%,"PS4, PC",PS4,2014,2014,,4,Finished,,No,Indie,Die Gute Fabrik,Sportsfriends,2D,Party,,,,,
F1 2009,68,69,-1,24%,Wii,Wii,2009,2009,2010,30,Finished,,No,Codemasters,Codemasters,F1,Vehicle,Racing,"Simcade, sports, simulation",,,,
Transformers Autobots,68,67,1,24%,DS,DS,2007,2007,2023,30,Extra,1,No,Activision-Blizzard,Vicarious Visions,Transformers,Third person,Action-adventure,"Open-world, multiplayer",,,,
Immortals of Aveum,67,72,-5,22%,"PS5, XBS, PC",PS5,2023,2024,,14,Finished,1,No,EA,Ascendant Studios,Immortals of Aveum,First person,Shooter,Story-driven,,,,
Tunic,67,86,-19,22%,"PC, XB1, XBS",XBS,2022,2022,,7,Finished,1,No,Indie,Andrew Shouldice,Tunic,Top down,Adventure,"Puzzles, exploration",,,,
Clustertruck,67,76,-9,22%,PC,PC,2016,2022,2021,2,Dropped,0,No,Indie,Landfall Games,Clustertruck,First person,Platformer,"Action, puzzles",,,,
Mario Golf: Super Rush,67,71,-4,22%,Switch,Switch,2021,2021,,8,Finished,1,No,Nintendo,Camelot Software Planning,Mario Sports,Third person,Sports,Golf,,,,
Boyfriend Dungeon,67,73,-6,22%,"PC,Switch",PC,2021,2021,,4,Finished,1,No,Indie,Kitfox Games,Boyfriend Dungeon,Top down,Action-RPG,Social,,,,
Golf With Your Friends,67,69,-2,22%,"PC,PS4,XB1,Switch",PC,2020,2020,,6,Finished,,No,Team17,Blacklight Interactive,Golf With Your Friends,First person,Party,"Sports (golf), multiplayer",,,,
Kingdom New Lands,67,73,-6,22%,"PC, XB1, Switch",PC,2016,2020,,4,Finished,,No,Indie,Thomas van den Berg,Kingdom New Lands,2D,Strategy,"Tower-defense, management",,,,
Grid (2019),67,73,-6,22%,"PS4,XB1,PC",PS4,2019,2019,,34,Finished,,No,Codemasters,Codemasters,Grid,Vehicle,Racing,Simcade,,,,
Assassin's Creed Odyssey,67,85,-18,22%,PS4,PS4,2018,2018,,17,Dropped,0,No,Ubisoft,Ubisoft Quebec,Assassin's Creed,Third person,Action-RPG,"RPG, open-world, platforming",,,,
Dragon Quest XI,67,86,-19,22%,PS4,PC,2018,2018,,26,Dropped,0,No,Square Enix,Square Enix,Dragon Quest,Third person,JRPG,Turn-based,,,,
Apotheon,67,76,-9,22%,PS4,PS4,2015,2015,,30,One-hundred,1,No,Indie,Alientrap,Apotheon,2D,Platformer,Action,,,,
Skull and Bones,66,60,6,19%,"PS5, XBS, PC",PS5,2024,2024,,11,Dropped,,No,Ubisoft,Ubisoft Singapore,Skull and Bones,Third person,Action-adventure,"MMO, open-world",,,,
Paper Mario: The Thousand-Year Door (Remake),66,89,-23,19%,Switch,Switch,2024,2024,,26,Finished,1,No,Nintendo,Intelligent Systems,Mario RPG,Top down,JRPG,"Turn-based, remake",,,,
Need for Speed Unbound,66,75,-9,19%,"PS4, XB1, PS5, XBS, PC",XBS,2022,2023,,11,Dropped,0,No,EA,Criterion Games,Need for Speed,Vehicle,Racing,"Arcade, open-world",,,,
Curse of the Dead Gods,66,81,-15,19%,"PC, PS4, XB1, Switch",XBS,2021,2022,,2,Tried,,No,Focus Home Interactive,Passtech Games,Curse of the Dead Gods,Top down,Roguelike,Hack and slash,,,,
Fall Guys,66,80,-14,19%,"PC, PS4",PS4,2020,2020,,4,Tried,,No,Devolver Digital,Mediatonic,Fall Guys,Third person,Platformer,Multiplayer,,,,
Dicey Dungeons,66,82,-16,19%,PC,PC,2019,2020,,4,Tried,,No,Indie,Terry Cavanaugh,Dicey Dungeons,Overview,Roguelike,"Strategy, turn-based",,,,
The Jackbox Party Pack 6,66,74,-8,19%,"PC, Switch, PS4, XB1",PC,2019,2019,2020,6,Finished,,No,Indie,Jackbox Studio,Jackbox,Overview,Party,,,,,
Far Cry Primal,66,76,-10,19%,PS4,PS4,2016,2016,,22,Dropped,0,No,Ubisoft,Ubisoft Montreal,Far Cry,First person,Action-adventure,"Open-world, stealth",,,,
Factorio,66,70,-4,19%,PC,PC,2012,2016,2020,33,Dropped,,Yes,Indie,Wube Software,Factorio,Top down,Simulation,"Management, strategy, tower-defence",,,,
Game Dev Tycoon,66,68,-2,19%,PC,PC,2012,2012,2013,54,Extra,,No,Indie,Greenheart Games,Game Dev Tycoon,Overview,Simulation,Management,,,,
Invizimals,66,69,-3,19%,PSP,PSP,2010,2011,,10,Finished,1,No,Sony,Novarama,Invizimals,Overview,RPG,"AR, monster collecting, turn-based",,,,
Mafia: Definitive Edition,65,78,-13,18%,"PC, PS4, XB1",PS5,2020,2024,,8,Finished,1,No,2K Games,Hangar 13,Mafia,Third Person,Action-adventure,"Open-world, remake",,,,
Nioh,65,88,-23,18%,PS4,PS5,2017,2023,,1,Tried,0,No,Koei Tecmo,Team Ninja,Nioh,Third person,Soulslike,"Action-RPG, looter",,,,
Worms W.M.D,65,78,-13,18%,"PC, PS4, XB1",PC,2016,2022,,2,Tried,,No,Team17,Team17,Worms,2D,Strategy,"Multiplayer, party",,,,
Sea of Thieves,65,67,-2,18%,"XB1, PC",PC,2018,2020,,13,Dropped,,Yes,Microsoft,Rare,Sea of Thieves,First person,Action-adventure,"Open-world, sandbox, exploration",,,,
Grid Autosport,65,78,-13,18%,"PS3,X360",Switch,2014,2019,,20,Dropped,,No,Codemasters,Codemasters,Grid,Vehicle,Racing,Simcade,,,,
Mario Tennis Aces,65,78,-13,18%,Switch,Switch,2018,2018,,10,Finished,1,No,Nintendo,Camelot Software Planning,Mario Sports,Third person,Sports,Tennis,,,,
Final Fantasy XV,65,81,-16,18%,PS4,PS4,2016,2016,,28,Finished,1,No,Square Enix,Square Enix,Final Fantasy,Third person,Action-RPG,"JRPG, open-world, story-driven",,,,
War Thunder,65,75,-10,18%,"PS4, PC",PS4,2013,2013,,15,Dropped,,No,Indie,Gaijin Entertainment,War Thunder,Third person,Simulation,"Multiplayer (online), action",,,,
New Super Mario Bros. 2,65,78,-13,18%,3DS,3DS,2012,2012,,4,Dropped,0,No,Nintendo,Nintendo,Super Mario (2D),2D,Platformer,,,,,
Ultros,64,80,-16,16%,"PS4, PS5, PC",PS5,2024,2024,,3,Dropped,0,No,Indie,Kepler Interactive,Ultros,2D,Metroidvania,Roguelike,,,,
Wo Long Fallen Dynasty,64,82,-18,16%,"PS4, XB1, PS4, XBS, PC",XBS,2023,2023,,2,Tried,0,No,Koei Tecmo,Team Ninja,Wo Long,Third person,Soulslike,Action-RPG,,,,
Lyne,64,86,-22,16%,"Mobile, PC",Mobile,2013,2022,,3,Dropped,,No,Indie,Thomas Bowker,Lyne,Overview,Puzzle,,,,,
The Ascent,64,73,-9,16%,"PC, XBS, XB1",PC,2021,2021,,4,Tried,0,No,Curve Games,Neon Giant,The Ascent,Top down,Action-RPG,Story-driven,,,,
The Last Guardian,64,81,-17,16%,PS4,PS5,2016,2021,,3,Tried,0,No,Sony,Japan Studio,The Last Guardian,Third person,Adventure,"Puzzle, story-driven, linear",,,,
Dragon Quest Builders,64,70,-6,16%,PS4,PS4,2016,2016,,12,Dropped,0,No,Square Enix,Square Enix,Dragon Quest,Third person,Sandbox,Action-RPG,,,,
Civilization Beyond Earth,64,81,-17,16%,PC,PC,2014,2014,,6,Dropped,,No,2K Games,Firaxis,Civilization,Overview,Strategy,Turn-based,,,,
Awesomenauts,64,78,-14,16%,PC,PC,2012,2012,,22,Dropped,,No,Indie,Ronimo Games,Awesomenauts,2D,Action,Multiplayer,,,,
Mario & Sonic at the Winter Olympic Games,64,72,-8,16%,DS,DS,2009,2010,,15,Dropped,0,No,SEGA,Sonic Team,Mario Sports,Overview,Sports,Party,,,,
A Plague Tale: Requiem,63,84,-21,15%,"PS5, XBS, PC, Switch",XBS,2022,2022,,13,Finished,1,No,Focus Home Interactive,Asobo Studio,A Plague Tale,Third person,Stealth,"Linear, puzzles, story-driven, survival",,,,
Darksburg,63,68,-5,15%,PC,PC,2020,2021,,7,Finished,,No,Indie,Shiro Games,Darksburg,Top down,Roguelike,"Hack and slash, multiplayer (co-op)",,,,
Surviving Mars,63,77,-14,15%,"PS4, XB1, PC",PC,2018,2021,,2,Tried,,No,Paradox Interactive,Abstraction,Surviving Mars,Top down,Simulation,"City-building, strategy",,,,
Nier Automata,63,89,-26,15%,PS4,PS4,2017,2017,,11,Dropped,0,No,Square Enix,Platinum Games,Nier,Third person,Action-RPG,"Hack and slash, JRPG, open-world, story-driven",,,,
Just Cause 3,63,73,-10,15%,PS4,PS4,2015,2017,,3,Tried,0,No,Square Enix,Avalanche Studios,Just Cause,Third person,Action-adventure,"Open-world, sandbox",,,,
Lara Croft and the Temple of Osiris,63,73,-10,15%,"PS4, XB1, PC",PS4,2014,2015,,2,Tried,0,No,Square Enix,Crystal Dynamics,Tomb Raider,Top down,Twin-stick shooter,Action-adventure,,,,
Banished,63,74,-11,15%,PC,PC,2014,2014,,23,Dropped,,No,Indie,Shining Rock Software,Banished,Top down,Strategy,"Simulation, city-building",,,,
Sonic & All Stars Racing Transformed,63,75,-12,15%,Vita,Vita,2012,2014,,5,Tried,,No,SEGA,Sumo Digital,Sonic,Vehicle,Racing,Kart,,,,
Fifa Street 2,63,59,4,15%,PS2,PS2,2006,2007,,20,Finished,,No,EA,EA sports,Fifa,Top down,Sports,Football,,,,
Jak X Combat Racing,62,76,-14,13%,PS2,PS5,2005,2024,,3,Dropped,0,No,Sony,Naughty Dog,Jak and Daxter,Vehicle,Racing,Kart,,,,
Make Way,62,83,-21,13%,"PC, PS4, PS5, XB1, XBS, NSW",PC,2023,2023,,1,Finished,,No,Indie,Ice BEAM,Make Way,Third person,Racing,"Arcade, party",,,,
Minecraft Dungeons,62,72,-10,13%,"PC, PS4, XB1, Switch",Switch,2020,2020,,8,Finished,1,No,Microsoft,Mojang,Minecraft,Top down,Dungeon crawler,"Hack and slash, looter, action-RPG",,,,
Shadow of the Colossus (Remake),62,92,-30,13%,PS4,PS4,2018,2018,,5,Dropped,0,No,Sony,Japan Studio,Shadow of the Colossus,Third person,Action-adventure,"Exploration, open-world, remake",,,,Bluepoint
Project Cars,62,75,-13,13%,PS4,PS4,2015,2016,,7,Tried,,No,Bandai Namco,Slightly Mad Studios,Project Cars,Vehicle,Racing,Sim,,,,
Animal Crossing City Folk,62,73,-11,13%,Wii,Wii,2008,2009,,20,Dropped,0,No,Nintendo,Nintendo,Animal Crossing,Top down,Simulation,"Social, farming",,,,
Crash Bandicoot The Wrath of Cortex,62,66,-4,13%,PS2,PS2,2001,2005,,10,Dropped,0,No,Universal,Traveller's Tales,Crash Bandicoot,Third person,Platformer,,,,,
Diablo 2,61,88,-27,12%,PC,PC,2000,2023,,9,Dropped,0,Yes,Activision-Blizzard,Blizzard,Diablo,Top down,Dungeon crawler,"Action-RPG, hack and slash, looter",,80,2021,
You Suck At Parking,61,70,-9,12%,"PC, Switch, PS4, XB1",PC,2022,2022,,3,Dropped,,Yes,Indie,Happy Volcano,You Suck at Parking,Top down,Racing,"Arcade, puzzles",,,,
Human Fall Flat,61,68,-7,12%,PC,PC,2016,2020,,8,Finished,1,No,Curve Games,Tomas Sakalauskas,Human Fall Flat,Third person,Platformer,"Puzzle, multiplayer (co-op)",,,,
CounterSpy,61,67,-6,12%,"PS3, PS4, Vita",PS4,2014,2015,,3,Dropped,0,No,Sony,Dynamighty,CounterSpy,2D,Stealth,Platforming,,,,
Warlock - Master of the Arcane,61,71,-10,12%,PC,PC,2012,2013,,9,Dropped,,No,Paradox Interactive,Paradox,Warlock,Overview,Strategy,Turn-based,,,,
Mario & Sonic at the Olympic Games,61,67,-6,12%,Wii,Wii,2008,2008,2009,30,Finished,,No,SEGA,Sonic Team,Mario Sports,Overview,Sports,Party,,,,
Prey,60,81,-21,11%,"PS4, XB1, PC",XBS,2017,2023,,7,Dropped,0,No,Bethesda,Arkane Studios,Prey,First person,Stealth,"Stealth, RPG, survival, immersive-sim",,,,
Lego Star Wars The Skywalker Saga,60,82,-22,11%,"PS4, PS5, PC, XB1, XBS, Switch",PS5,2022,2022,,23,Finished,1,No,Warner Bros,Traveller's Tales,Lego Games,Third person,Action-platformer,"Sandbox, puzzles",,,,
Scarlet Nexus,60,79,-19,11%,"PS4, PS5, XB1, XBS, PC",XBS,2021,2022,,6,Dropped,0,No,Bandai Namco,Bandai Namco Studios,Scarlet Nexus,Third person,Action-RPG,"Hack and slash, JRPG, story-driven",,,,
Embr,60,67,-7,11%,PC,PC,2020,2022,,3,Tried,,No,Curve Games,Muse Games,Embr,First person,Party,"Multiplayer (co-op), puzzles, action",,,,
Doom Eternal,60,89,-29,11%,"PS4, XB1, PC",PS4,2020,2020,,6,Dropped,0,No,Bethesda,id Software,Doom,First person,Shooter,"Action, linear",,,,
Disc Jam,60,69,-9,11%,"PS4, XB1, PC",PS4,2017,2017,,2,Tried,0,No,Indie,High Horse Entertainment,Disc Jam,Third person,Sports,Tennis,,,,
Buzz! Junior Jungle Party,60,70,-10,11%,PS2,PS2,2006,2007,,40,Finished,,No,Sony,Magenta Software,Buzz!,Overview,Party,,,,,
Star Fox,59,88,-29,10%,SNES,Switch,1993,2024,,1,Finished,1,No,Nintendo,Nintendo,Star Fox,Vehicle,Action,,,,,
The Outer Worlds,59,85,-26,10%,"PS4, XB1, PC",XBS,2019,2023,,2,Tried,0,No,Private Division,Obsidian Entertainment,The Outer Worlds,First person,RPG,"Stealth, shooter",,,,
Luna,59,62,-3,10%,"PC, PS4",PC,2017,2023,,1,Finished,1,No,Indie,Funomena,Luna,Overview,Puzzle,,,,,
Arcadeggedon,59,74,-15,10%,"XB1, XBS, PS4, PS5, PC",PS5,2022,2022,,5,Dropped,,No,Indie,Illfonic,Arcadeggedon,Third person,Roguelike,"Shooter, multiplayer (co-op), multiplayer (arena), looter",,,,
Back 4 Blood,59,76,-17,10%,"PC,XB1,PS4,PS5,XBS",PC,2021,2021,,10,Finished,1,No,Warner Bros,Turtle Rock Studios,Back 4 Blood,First person,Shooter,"Multiplayer (co-op), horror, survival",,,,
Pokemon Sword,59,80,-21,10%,Switch,Switch,2019,2019,,35,Finished,1,No,Nintendo,Game Freak,Pokemon,Top down,JRPG,"Monster collecting, turn-based",,,,
Forza Motorsport (2023),58,84,-26,9%,"PC, XBS",XBS,2023,2023,2024,21,Dropped,,Yes,Microsoft,Turn 10 studios,Forza,Vehicle,Racing,Sim,52,,,
Spacelines from the Far Out,58,82,-24,9%,"PC, XB1",PC,2022,2022,,2,Tried,,No,Skystone Games,Coffeenauts,Spacelines from the Far Out,Top down,Party,"Multiplayer (co-op), roguelike",,,,
Unrailed!,58,75,-17,9%,"PC, PS4, XB1",PS4,2019,2020,,2,Dropped,,No,Indie,Indoor Astronaut,Unrailed!,Top down,Party,"Action, multiplayer (co-op)",,,,
F1 2015,58,65,-7,9%,PS4,PS4,2015,2015,2016,90,Finished,,No,Codemasters,Codemasters,F1,Vehicle,Racing,"Simcade, sports, simulation",,,,
Tchia,57,78,-21,8%,"PS4, PS5, PC",PS5,2023,2023,,8,Finished,1,No,Indie,Awaceb,Tchia,Third person,Adventure,"Open-world, exploration",,,,
Middle Earth: Shadow of War,57,79,-22,8%,PS4,PS4,2017,2017,,11,Dropped,0,No,Warner Bros,Monolith Productions,Middle Earth,Third person,Action-adventure,"Open-world, story-driven",,,,
Burnout Paradise,57,88,-31,8%,"PS3, X360",PS3,2008,2011,2021,14,Finished,2,No,EA,Criterion Games,Burnout,Vehicle,Racing,"Arcade, open-world",,79,2018,
Wall-E (DS),57,54,3,8%,DS,DS,2008,2009,,5,Dropped,0,No,THQ,Helixe,Pixar Movie Games,Top down,Puzzle,Movie-game,,,,
For The King,56,75,-19,7%,PC,PC,2018,2021,,4,Tried,,No,Curve Games,Ironoak Games,For The King,Top down,Strategy,"Turn-based, RPG, multiplayer (co-op)",,,,
Big Pharma,56,64,-8,7%,PC,PC,2015,2015,,6,Dropped,,No,Indie,Twice Circled,Big Pharma,Overview,Simulation,"Management, strategy",,,,
Dead Nation: Apocalypse Edition,56,71,-15,7%,PS4,PS4,2014,2014,,3,Tried,0,No,Sony,Housemarque,Dead Nation,Top down,Twin-stick shooter,"Bullet-hell, survival",,,,
Tower Wars,56,59,-3,7%,PC,PC,2012,2012,,7,Finished,,No,Indie,SuperVillain Studios,Tower Wars,Overview,Strategy,Tower-defense,,,,
Finding Nemo,56,63,-7,7%,"GBA, PS2",GBA,2003,2004,,5,Dropped,,No,THQ,Vicarious Visions,Pixar Movie Games,Third person,Action-adventure,"Puzzles, stealth, movie-game",,,,
Lost Ark,55,82,-27,7%,PC,PC,2022,2022,,2,Tried,0,No,Amazon Games,Tripod Studio,Lost Ark,Top down,Dungeon crawler,"MMO, hack and slash, action-RPG",,,,
Destruction Allstars,55,62,-7,7%,PS5,PS5,2021,2021,,2,Tried,,No,Sony,Lucid Games,Destruction Allstars,Third person,Sports,"Multiplayer, action",,,,
Little Big Planet 3,55,79,-24,7%,PS4,PS4,2014,2014,,7,Dropped,0,No,Sony,Sumo Digital,LittleBigPlanet,2D,Platformer,Multiplayer (co-op),,,,
DC Universe Online,55,72,-17,7%,PC,PS4,2011,2013,,5,Tried,0,Yes,Warner Bros,Daybreak Game Company,DC Universe,Third person,Action,"MMO, superhero",,,,
Dandy Ace,54,79,-25,6%,"PS4,XB1,PC",XBS,2021,2022,,2,Tried,,No,Indie,Mad Mimic,Dandy Ace,Top down,Roguelike,Action-RPG,,,,
Need For Speed Heat,54,72,-18,6%,"PS4, XB1, PC",PS4,2019,2020,,11,Dropped,0,No,EA,Ghost Games,Need for Speed,Vehicle,Racing,"Arcade, open-world",,,,
The Crew 2,54,64,-10,6%,PS4,PS4,2018,2018,2019,12,Dropped,0,No,Ubisoft,Ivory Tower,The Crew,Vehicle,Racing,"Aracde, open-world, looter",50,,,
Control,53,84,-31,5%,PS4,PS4,2019,2020,,7,Dropped,0,No,505 Games,Remedy Entertainment,Control,Third person,Shooter,"Action, story-driven, horror",,,,
Octopath Traveller,53,83,-30,5%,Switch,Switch,2018,2018,,10,Dropped,0,No,Square Enix,Square Enix,Octopath,Top down,JRPG,"Story-driven, turn-based",,,,
Game Corp DX,53,64,-11,5%,PC,PC,2015,2015,,5,Dropped,0,No,Indie,Endless Loop Studios,Game Corp DX,Overview,Simulation,Management,,,,
How to Train Your Dragon,53,60,-7,5%,"PS3, X360, DS, Wii",DS,2010,2011,,7,Dropped,0,No,Activision-Blizzard,Griptonite Games,How to Train Your Dragon,Overview,RPG,"Turn-based, monster collecting, movie-game",,,,
Golfie,52,70,-18,5%,PC,PC,2022,2023,,2,Tried,,No,Yogscast Games,Triheart Studio,Golfie,Third person,Roguelike,"Sports (golf), card",,,,
Democracy 3,52,70,-18,5%,PC,PC,2013,2013,2020,13,Finished,,No,Indie,Positech Games,Democracy,Overview,Strategy,"Simulation, management",,,,
Pure Pool,51,73,-22,5%,"PS4, PC, XB1",PS5,2014,2022,,3,Dropped,,No,Indie,VooFoo Studios,Pure Pool,First person,Sports,,,,,
Clicker Heroes,51,57,-6,5%,"PC, PS4, XB1",PC,2015,2017,2018,44,Dropped,,No,Indie,Playsaurus,Clicker Heroes,Overview,Strategy,Idle,,,,
Mega Man X,50,89,-39,4%,SNES,Switch,1994,2024,,1,Tried,0,No,Capcom,Capcom,Mega Man,2D,Action-platformer,,,81,2018,
Shoppe Keep,50,57,-7,4%,PC,PC,2016,2015,,8,Dropped,,No,Indie,Strange Fire Studios,Shoppe Keep,First person,Simulation,"Management, strategy",,,,
James Cameron's Avatar: The Game,50,61,-11,4%,"X360, PS3, PSP, PC, Wii",PSP,2009,2010,,5,Dropped,0,No,Ubisoft,Ubisoft Montreal,Avatar,Third person,Stealth,"Movie-game, action",,,,
Minecraft Legends,49,71,-22,4%,"PC, Switch, PS4, XB1, PS5, XBS",PC,2023,2023,,5,Dropped,0,No,Microsoft,Mojang,Minecraft,Third person,Strategy,,,,,
Diablo Immortal,49,65,-16,4%,"PC, mobile",Mobile,2022,2022,,17,Finished,1,No,Activision-Blizzard,Blizzard,Diablo,Top down,Dungeon crawler,"Hack and slash, looter, action-RPG",,,,
Game of Thrones Telltale,48,69,-21,3%,PS4,PS4,2014,2015,,6,One-hundred,1,No,Telltale,Telltale,Game of Thrones,Third person,Interactive Story,"Story-driven, linear",,,,
Mario Party 8,48,62,-14,3%,Wii,Wii,2007,2010,,5,Tried,,No,Nintendo,Nintendo,Mario Party,Overview,Party,,,,,
F.I.S.T. Forged In Shadow Torch,47,80,-33,3%,"PS4, PS5, PC",PC,2021,2023,,3,Dropped,0,No,Billibilli,TiGames,F.I.S.T.,2D,Metroidvania,Platformer,,,,
Cruis'n Blast,47,73,-26,3%,Switch,Switch,2021,2021,,3,Dropped,,No,Indie,Raw Thrills,Cruise'n Blast,Vehicle,Racing,Arcade,,,,
VR Worlds,46,56,-10,3%,PS4,PS4,2016,2018,,5,Dropped,,No,Sony,London Studio,VR Worlds,First person,Action-adventure,Compilation,,,,
Youtubers Life,46,63,-17,3%,PC,PC,2016,2016,,11,Finished,,No,Indie,U-Play Online,Youtubers Life,Third person,Simulation,Social,,,,
Rusty's Retirement,45,83,-38,2%,PC,PC,2024,2024,,3,Dropped,0,No,Indie,Mister Morrris Games,Rusty's Retirement,Overview,Simulation,"Idle, farming",,,,
Farming Simulator 2019,45,64,-19,2%,"PC,PS4,XB1",PS4,2018,2020,,7,Tried,,No,Focus Home Interactive,GIANTS software,Farming Simulator,Third person,Simulation,Farming,,,,
Incredibles: Rise of the Underminer,45,54,-9,2%,"DS, PS2, PC, GBA",GBA,2005,2006,,2,Tried,0,No,THQ,Helixe,Pixar Movie Games,Third person,Action-adventure,"Movie-game, platforming",,,,
Exoprimal,44,68,-24,2%,"PS4, PS5, XB1, XBS, PC",XBS,2023,2023,,2,Tried,,No,Capcom,Capcom,Exomprimal,Third person,Shooter,Multiplayer,,,,
Marvel's Avengers,43,68,-25,2%,"PS4,XB1,PC",PS4,2020,2021,,14,Finished,1,No,Square Enix,Crystal Dynamics,Marvel's The Avengers,Third person,Action-adventure,"Superhero, looter",,,,
Contrast,43,59,-16,2%,PS4,PS4,2013,2013,,2,Dropped,0,No,Focus Home Interactive,Compulsion Games,Contrast,Third person,Puzzle,,,,,
Fifa 06 Game Boy Advance,42,49,-7,1%,GBA,GBA,2005,2005,,30,Finished,,No,EA,EA sports,Fifa,Top down,Sports,"Football, management",,,,
Outer Wilds,41,86,-45,1%,"PC,XB1",XBS,2019,2021,,3,Tried,0,No,Annapurna,Mobius Digital,Outer Wilds,First person,Adventure,"Open-world, exploration, puzzles, survival, roguelike",,,,
Flintlock: The Siege of Dawn,40,69,-29,1%,"PC, PS5, XBS",XBS,2024,2024,,2,Tried,0,No,Kepler Interactive,A44 Games,Flintlock,Third person,Soulslike,"Platforming, open-world",,,,
CrossfireX,40,42,-2,1%,"XBS, XB1",XBS,2022,2023,,4,Finished,,Yes,Indie,Smilegate,Crossfire,First person,Shooter,"Multiplayer, action",,,,Remedy
Redfall,39,57,-18,1%,"XBS, PC",XBS,2023,2023,,6,Dropped,0,Yes,Bethesda,Arkane Studios,Redfall,First person,Looter-shooter,"Open-world, multiplayer (co-op)",,,,
Fifa 14 Legacy Edition,37,38,-1,0%,"Vita, WiiU",Vita,2013,2013,,10,Tried,,No,EA,EA Sports,Fifa,Top down,Sports,"Football, management",,,,
Sunlight,32,78,-46,0%,PC,PC,2021,2023,,1,Finished,1,No,Indie,Krillbite Studio,Sunlight,First person,Adventure,,,,,
Doom VFR,25,70,-45,0%,PS4,PS4,2017,2019,,1,Tried,0,No,Bethesda,id Software,Doom,First person,Shooter,VR,,,,